date,year,month,repo_rate_pct,reverse_repo_pct,usdinr_monthly_avg,wpi_all_commodities,wpi_food_articles,wpi_fruits_vegetables
2017-01-01,2017,1,6.25,5.75,68.0804,112.6,136.5,117.5
2017-02-01,2017,2,6.25,5.75,67.0754,113.0,136.6,120.6
2017-03-01,2017,3,6.25,5.75,65.9286,113.2,137.6,128.0
2017-04-01,2017,4,6.25,6.0,64.5071,113.2,138.6,130.8
2017-05-01,2017,5,6.25,6.0,64.4248,112.9,137.9,129.1
2017-06-01,2017,6,6.25,6.0,64.443,112.7,139.2,137.3
2017-07-01,2017,7,6.25,6.0,64.4559,113.9,147.9,176.8
2017-08-01,2017,8,6.0,5.75,63.9684,114.8,150.9,191.4
2017-09-01,2017,9,6.0,5.75,64.4409,114.9,144.8,162.8
2017-10-01,2017,10,6.0,5.75,65.0813,115.6,148.0,177.1
2017-11-01,2017,11,6.0,5.75,64.8626,116.4,151.1,190.2
2017-12-01,2017,12,6.0,5.75,64.2598,115.7,144.1,162.1
2018-01-01,2018,1,6.0,5.75,63.6604,116.0,140.8,146.8
2018-02-01,2018,2,6.0,5.75,64.3738,116.1,137.9,134.1
2018-03-01,2018,3,6.0,5.75,65.0213,116.3,137.3,132.3
2018-04-01,2018,4,6.0,5.75,65.545,117.3,139.8,142.9
2018-05-01,2018,5,6.0,5.75,67.5394,118.3,140.3,141.1
2018-06-01,2018,6,6.25,6.0,67.7931,119.1,141.8,145.9
2018-07-01,2018,7,6.25,6.0,68.6934,119.9,144.8,156.1
2018-08-01,2018,8,6.5,6.25,69.5465,120.1,144.8,155.8
2018-09-01,2018,9,6.5,6.25,72.2153,120.9,144.5,154.0
2018-10-01,2018,10,6.5,6.25,73.6323,122.0,145.9,157.8
2018-11-01,2018,11,6.5,6.25,71.8542,121.6,146.2,155.6
2018-12-01,2018,12,6.5,6.25,70.7311,119.7,143.5,140.4
2019-01-01,2019,1,6.5,6.25,70.7192,119.2,144.2,140.5
2019-02-01,2019,2,6.25,6.0,71.2218,119.5,143.7,136.1
2019-03-01,2019,3,6.25,6.0,69.4957,119.9,144.5,141.8
2019-04-01,2019,4,6.0,5.75,69.4033,121.1,148.8,158.5
2019-05-01,2019,5,6.0,5.75,69.7716,121.6,150.6,163.7
2019-06-01,2019,6,5.75,5.5,69.4389,121.5,152.2,166.8
2019-07-01,2019,7,5.75,5.5,68.8083,121.3,154.3,175.5
2019-08-01,2019,8,5.4,5.15,71.1457,121.5,156.1,180.1
2019-09-01,2019,9,5.4,5.15,71.3337,121.3,155.4,175.2
2019-10-01,2019,10,5.15,4.9,71.047,122.0,160.2,194.2
2019-11-01,2019,11,5.15,4.9,71.4482,122.3,162.6,199.5
2019-12-01,2019,12,5.15,4.9,71.1926,123.0,162.6,195.6
2020-01-01,2020,1,5.15,4.9,71.3138,123.4,160.5,180.9
2020-02-01,2020,2,5.15,4.9,71.4885,122.2,154.7,157.2
2020-03-01,2020,3,4.4,4.0,74.3507,120.4,151.2,148.7
2020-04-01,2020,4,4.4,3.75,76.1892,119.2,154.5,161.4
2020-05-01,2020,5,4.0,3.35,75.6599,117.5,153.1,152.8
2020-06-01,2020,6,4.0,3.35,75.7268,119.3,155.4,159.3
2020-07-01,2020,7,4.0,3.35,74.9934,121.0,161.3,181.8
2020-08-01,2020,8,4.0,3.35,74.652,122.0,163.0,187.6
2020-09-01,2020,9,4.0,3.35,73.4774,122.9,168.4,211.1
2020-10-01,2020,10,4.0,3.35,73.4581,123.6,171.5,223.9
2020-11-01,2020,11,4.0,3.35,74.2198,125.1,170.1,218.8
2020-12-01,2020,12,4.0,3.35,73.5936,125.4,161.1,180.7
2021-01-01,2021,1,4.0,3.35,73.1094,126.5,155.8,158.3
2021-02-01,2021,2,4.0,3.35,72.7565,128.1,157.5,160.5
2021-03-01,2021,3,4.0,3.35,72.7928,129.9,156.4,154.6
2021-04-01,2021,4,4.0,3.35,74.4185,132.0,161.6,170.1
2021-05-01,2021,5,4.0,3.35,73.2677,132.9,159.6,159.4
2021-06-01,2021,6,4.0,3.35,73.5583,133.7,160.5,163.5
2021-07-01,2021,7,4.0,3.35,74.527,135.0,161.5,170.1
2021-08-01,2021,8,4.0,3.35,74.1846,136.2,161.7,171.5
2021-09-01,2021,9,4.0,3.35,73.5634,137.4,164.1,174.0
2021-10-01,2021,10,4.0,3.35,74.9153,140.7,171.6,208.2
2021-11-01,2021,11,4.0,3.35,74.4965,143.7,178.3,234.4
2021-12-01,2021,12,4.0,3.35,75.3725,143.3,176.7,226.9
2022-01-01,2022,1,4.0,3.35,74.4416,143.8,172.0,201.8
2022-02-01,2022,2,4.0,3.35,75.0031,145.3,170.4,192.1
2022-03-01,2022,3,4.0,3.35,76.2445,148.9,169.6,179.0
2022-04-01,2022,4,4.0,3.35,76.1488,152.3,175.3,198.0
2022-05-01,2022,5,4.4,3.35,77.3193,155.0,178.4,208.4
2022-06-01,2022,6,4.9,3.35,78.0746,155.4,182.5,225.9
2022-07-01,2022,7,4.9,3.35,79.6016,154.0,178.9,209.0
2022-08-01,2022,8,5.4,3.35,79.555,153.2,182.0,216.4
2022-09-01,2022,9,5.9,3.35,80.2316,151.9,182.2,215.6
2022-10-01,2022,10,5.9,3.35,82.3401,152.9,186.1,230.8
2022-11-01,2022,11,5.9,3.35,81.8105,152.5,181.0,205.4
2022-12-01,2022,12,6.25,3.35,82.4642,150.5,174.9,173.1
2023-01-01,2023,1,6.25,3.35,81.8996,150.7,176.6,171.2
2023-02-01,2023,2,6.5,3.35,82.6085,150.9,176.9,173.0
2023-03-01,2023,3,6.5,3.35,82.2886,151.0,178.8,180.7
2023-04-01,2023,4,6.5,3.35,82.0208,151.1,182.1,192.2
2023-05-01,2023,5,6.5,3.35,82.3433,149.4,181.3,184.2
2023-06-01,2023,6,6.5,3.35,82.2337,148.9,184.9,193.9
2023-07-01,2023,7,6.5,3.35,82.1519,152.1,205.9,282.9
2023-08-01,2023,8,6.5,3.35,82.7854,152.5,202.8,263.6
2023-09-01,2023,9,6.5,3.35,83.0469,151.8,189.1,198.5
2023-10-01,2023,10,6.5,3.35,83.2353,152.5,192.0,204.9
2023-11-01,2023,11,6.5,3.35,83.298,153.1,197.0,226.1
2023-12-01,2023,12,6.5,3.35,83.2787,151.8,191.2,201.1
2024-01-01,2024,1,6.5,3.35,83.121,151.2,188.8,189.6
2024-02-01,2024,2,6.5,3.35,82.9636,151.2,189.4,187.7
2024-03-01,2024,3,6.5,3.35,82.9976,151.4,191.4,197.2
2024-04-01,2024,4,6.5,3.35,83.4043,152.9,196.8,215.0
2024-05-01,2024,5,6.5,3.35,83.3929,153.5,199.3,220.8
2024-06-01,2024,6,6.5,3.35,83.4709,154.0,205.5,245.4
2024-07-01,2024,7,6.5,3.35,83.5947,155.3,213.1,277.6
2024-08-01,2024,8,6.5,3.35,83.8963,154.4,209.0,259.2
2024-09-01,2024,9,6.5,3.35,83.8082,154.7,210.8,264.1
2024-10-01,2024,10,6.5,3.35,84.0295,156.7,217.9,291.6
2024-11-01,2024,11,6.5,3.35,84.3644,156.4,213.7,271.9
2024-12-01,2024,12,6.5,3.35,84.9862,155.7,207.5,244.7
