date,repo_rate_pct,reverse_repo_rate_pct,sdf_rate_pct,msf_rate_pct,crr_pct,slr_pct,bank_rate_pct,year,month
2017-01-31,6.25,5.75,,6.75,4.0,20.5,6.75,2017,1
2017-02-28,6.25,5.75,,6.75,4.0,20.5,6.75,2017,2
2017-03-31,6.25,5.75,,6.75,4.0,20.5,6.75,2017,3
2017-04-30,6.25,6.0,,6.5,4.0,20.5,6.5,2017,4
2017-05-31,6.25,6.0,,6.5,4.0,20.5,6.5,2017,5
2017-06-30,6.25,6.0,,6.5,4.0,20.0,6.5,2017,6
2017-07-31,6.25,6.0,,6.5,4.0,20.0,6.5,2017,7
2017-08-31,6.0,5.75,,6.25,4.0,20.0,6.25,2017,8
2017-09-30,6.0,5.75,,6.25,4.0,20.0,6.25,2017,9
2017-10-31,6.0,5.75,,6.25,4.0,19.5,6.25,2017,10
2017-11-30,6.0,5.75,,6.25,4.0,19.5,6.25,2017,11
2017-12-31,6.0,5.75,,6.25,4.0,19.5,6.25,2017,12
2018-01-31,6.0,5.75,,6.25,4.0,19.5,6.25,2018,1
2018-02-28,6.0,5.75,,6.25,4.0,19.5,6.25,2018,2
2018-03-31,6.0,5.75,,6.25,4.0,19.5,6.25,2018,3
2018-04-30,6.0,5.75,,6.25,4.0,19.5,6.25,2018,4
2018-05-31,6.0,5.75,,6.25,4.0,19.5,6.25,2018,5
2018-06-30,6.25,6.0,,6.5,4.0,19.5,6.5,2018,6
2018-07-31,6.25,6.0,,6.5,4.0,19.5,6.5,2018,7
2018-08-31,6.5,6.25,,6.75,4.0,19.5,6.75,2018,8
2018-09-30,6.5,6.25,,6.75,4.0,19.5,6.75,2018,9
2018-10-31,6.5,6.25,,6.75,4.0,19.5,6.75,2018,10
2018-11-30,6.5,6.25,,6.75,4.0,19.5,6.75,2018,11
2018-12-31,6.5,6.25,,6.75,4.0,19.5,6.75,2018,12
2019-01-31,6.5,6.25,,6.75,4.0,19.25,6.75,2019,1
2019-02-28,6.25,6.0,,6.5,4.0,19.25,6.5,2019,2
2019-03-31,6.25,6.0,,6.5,4.0,19.25,6.5,2019,3
2019-04-30,6.0,5.75,,6.25,4.0,19.0,6.25,2019,4
2019-05-31,6.0,5.75,,6.25,4.0,19.0,6.25,2019,5
2019-06-30,5.75,5.5,,6.0,4.0,19.0,6.0,2019,6
2019-07-31,5.75,5.5,,6.0,4.0,18.75,6.0,2019,7
2019-08-31,5.4,5.15,,5.65,4.0,18.75,5.65,2019,8
2019-09-30,5.4,5.15,,5.65,4.0,18.75,5.65,2019,9
2019-10-31,5.15,4.9,,5.4,4.0,18.5,5.4,2019,10
2019-11-30,5.15,4.9,,5.4,4.0,18.5,5.4,2019,11
2019-12-31,5.15,4.9,,5.4,4.0,18.5,5.4,2019,12
2020-01-31,5.15,4.9,,5.4,4.0,18.25,5.4,2020,1
2020-02-29,5.15,4.9,,5.4,4.0,18.25,5.4,2020,2
2020-03-31,4.4,4.0,,4.65,4.0,18.25,4.65,2020,3
2020-04-30,4.4,3.75,,4.65,3.0,18.0,4.65,2020,4
2020-05-31,4.0,3.35,,4.25,3.0,18.0,4.25,2020,5
2020-06-30,4.0,3.35,,4.25,3.0,18.0,4.25,2020,6
2020-07-31,4.0,3.35,,4.25,3.0,18.0,4.25,2020,7
2020-08-31,4.0,3.35,,4.25,3.0,18.0,4.25,2020,8
2020-09-30,4.0,3.35,,4.25,3.0,18.0,4.25,2020,9
2020-10-31,4.0,3.35,,4.25,3.0,18.0,4.25,2020,10
2020-11-30,4.0,3.35,,4.25,3.0,18.0,4.25,2020,11
2020-12-31,4.0,3.35,,4.25,3.0,18.0,4.25,2020,12
2021-01-31,4.0,3.35,,4.25,3.0,18.0,4.25,2021,1
2021-02-28,4.0,3.35,,4.25,3.0,18.0,4.25,2021,2
2021-03-31,4.0,3.35,,4.25,3.0,18.0,4.25,2021,3
2021-04-30,4.0,3.35,,4.25,3.5,18.0,4.25,2021,4
2021-05-31,4.0,3.35,,4.25,4.0,18.0,4.25,2021,5
2021-06-30,4.0,3.35,,4.25,4.0,18.0,4.25,2021,6
2021-07-31,4.0,3.35,,4.25,4.0,18.0,4.25,2021,7
2021-08-31,4.0,3.35,,4.25,4.0,18.0,4.25,2021,8
2021-09-30,4.0,3.35,,4.25,4.0,18.0,4.25,2021,9
2021-10-31,4.0,3.35,,4.25,4.0,18.0,4.25,2021,10
2021-11-30,4.0,3.35,,4.25,4.0,18.0,4.25,2021,11
2021-12-31,4.0,3.35,,4.25,4.0,18.0,4.25,2021,12
2022-01-31,4.0,3.35,,4.25,4.0,18.0,4.25,2022,1
2022-02-28,4.0,3.35,,4.25,4.0,18.0,4.25,2022,2
2022-03-31,4.0,3.35,,4.25,4.0,18.0,4.25,2022,3
2022-04-30,4.0,3.35,3.75,4.25,4.0,18.0,4.25,2022,4
2022-05-31,4.4,3.35,4.15,4.65,4.5,18.0,4.65,2022,5
2022-06-30,4.9,3.35,4.65,5.15,4.5,18.0,5.15,2022,6
2022-07-31,4.9,3.35,4.65,5.15,4.5,18.0,5.15,2022,7
2022-08-31,5.4,3.35,5.15,5.65,4.5,18.0,5.65,2022,8
2022-09-30,5.9,3.35,5.65,6.15,4.5,18.0,6.15,2022,9
2022-10-31,5.9,3.35,5.65,6.15,4.5,18.0,6.15,2022,10
2022-11-30,5.9,3.35,5.65,6.15,4.5,18.0,6.15,2022,11
2022-12-31,6.25,3.35,6.0,6.5,4.5,18.0,6.5,2022,12
2023-01-31,6.25,3.35,6.0,6.5,4.5,18.0,6.5,2023,1
2023-02-28,6.5,3.35,6.25,6.75,4.5,18.0,6.75,2023,2
2023-03-31,6.5,3.35,6.25,6.75,4.5,18.0,6.75,2023,3
2023-04-30,6.5,3.35,6.25,6.75,4.5,18.0,6.75,2023,4
2023-05-31,6.5,3.35,6.25,6.75,4.5,18.0,6.75,2023,5
2023-06-30,6.5,3.35,6.25,6.75,4.5,18.0,6.75,2023,6
2023-07-31,6.5,3.35,6.25,6.75,4.5,18.0,6.75,2023,7
2023-08-31,6.5,3.35,6.25,6.75,4.5,18.0,6.75,2023,8
2023-09-30,6.5,3.35,6.25,6.75,4.5,18.0,6.75,2023,9
2023-10-31,6.5,3.35,6.25,6.75,4.5,18.0,6.75,2023,10
2023-11-30,6.5,3.35,6.25,6.75,4.5,18.0,6.75,2023,11
2023-12-31,6.5,3.35,6.25,6.75,4.5,18.0,6.75,2023,12
2024-01-31,6.5,3.35,6.25,6.75,4.5,18.0,6.75,2024,1
2024-02-29,6.5,3.35,6.25,6.75,4.5,18.0,6.75,2024,2
2024-03-31,6.5,3.35,6.25,6.75,4.5,18.0,6.75,2024,3
2024-04-30,6.5,3.35,6.25,6.75,4.5,18.0,6.75,2024,4
2024-05-31,6.5,3.35,6.25,6.75,4.5,18.0,6.75,2024,5
2024-06-30,6.5,3.35,6.25,6.75,4.5,18.0,6.75,2024,6
2024-07-31,6.5,3.35,6.25,6.75,4.5,18.0,6.75,2024,7
2024-08-31,6.5,3.35,6.25,6.75,4.5,18.0,6.75,2024,8
2024-09-30,6.5,3.35,6.25,6.75,4.5,18.0,6.75,2024,9
2024-10-31,6.5,3.35,6.25,6.75,4.5,18.0,6.75,2024,10
2024-11-30,6.5,3.35,6.25,6.75,4.5,18.0,6.75,2024,11
2024-12-31,6.5,3.35,6.25,6.75,4.25,18.0,6.75,2024,12
2025-01-31,6.5,3.35,6.25,6.75,4.0,18.0,6.75,2025,1
2025-02-28,6.25,3.35,6.0,6.5,4.0,18.0,6.5,2025,2
2025-03-31,6.25,3.35,6.0,6.5,4.0,18.0,6.5,2025,3
2025-04-30,6.0,3.35,5.75,6.25,4.0,18.0,6.25,2025,4
2025-05-31,6.0,3.35,5.75,6.25,4.0,18.0,6.25,2025,5
2025-06-30,5.5,3.35,5.25,5.75,4.0,18.0,5.75,2025,6
2025-07-31,5.5,3.35,5.25,5.75,4.0,18.0,5.75,2025,7
2025-08-31,5.5,3.35,5.25,5.75,4.0,18.0,5.75,2025,8
2025-09-30,5.5,3.35,5.25,5.75,3.75,18.0,5.75,2025,9
2025-10-31,5.5,3.35,5.25,5.75,3.5,18.0,5.75,2025,10
2025-11-30,5.5,3.35,5.25,5.75,3.0,18.0,5.75,2025,11
2025-12-31,5.25,3.35,5.0,5.5,3.0,18.0,5.5,2025,12
