year,month,repo_rate_pct,reverse_repo_pct,usdinr_monthly_avg,wpi_fruits_vegetables,wpi_vegetables_total,wpi_potato,wpi_onion,wpi_tomato
1992,8,,,30.14,,,,,
1992,9,,,30.12,,,,,
1992,10,,,30.07,,,,,
1992,11,,,30.11,,,,,
1992,12,,,30.71,,,,,
1993,1,,,30.9,,,,,
1993,2,,,32.63,,,,,
1993,3,,,31.62,,,,,
1993,4,,,31.36,,,,,
1993,5,,,31.37,,,,,
1993,6,,,31.44,,,,,
1993,7,,,31.42,,,,,
1993,8,,,31.42,,,,,
1993,9,,,31.42,,,,,
1993,10,,,31.42,,,,,
1993,11,,,31.42,,,,,
1993,12,,,31.42,,,,,
1994,1,,,31.37,,,,,
1994,2,,,31.37,,,,,
1994,3,,,31.37,,,,,
1994,4,,,31.37,,,,,
1994,5,,,31.37,,,,,
1994,6,,,31.37,,,,,
1994,7,,,31.37,,,,,
1994,8,,,31.37,,,,,
1994,9,,,31.36,,,,,
1994,10,,,31.37,,,,,
1994,11,,,31.37,,,,,
1994,12,,,31.37,,,,,
1995,1,,,31.37,,,,,
1995,2,,,31.37,,,,,
1995,3,,,31.6,,,,,
1995,4,,,31.41,,,,,
1995,5,,,31.42,,,,,
1995,6,,,31.39,,,,,
1995,7,,,31.37,,,,,
1995,8,,,31.54,,,,,
1995,9,,,33.15,,,,,
1995,10,,,34.43,,,,,
1995,11,,,34.61,,,,,
1995,12,,,34.91,,,,,
1996,1,,,35.72,,,,,
1996,2,,,36.52,,,,,
1996,3,,,34.18,,,,,
1996,4,,,34.15,,,,,
1996,5,,,34.98,,,,,
1996,6,,,34.94,,,,,
1996,7,,,35.41,,,,,
1996,8,,,35.66,,,,,
1996,9,,,35.7,,,,,
1996,10,,,35.62,,,,,
1996,11,,,35.72,,,,,
1996,12,,,35.79,,,,,
1997,1,,,35.85,,,,,
1997,2,,,35.88,,,,,
1997,3,,,35.86,,,,,
1997,4,,,35.8,,,,,
1997,5,,,35.8,,,,,
1997,6,,,35.8,,,,,
1997,7,,,35.73,,,,,
1997,8,,,35.88,,,,,
1997,9,,,36.4,,,,,
1997,10,,,36.21,,,,,
1997,11,,,37.18,,,,,
1997,12,,,39.09,,,,,
1998,1,,,39.22,,,,,
1998,2,,,38.83,,,,,
1998,3,,,39.49,,,,,
1998,4,,,39.64,,,,,
1998,5,,,40.45,,,,,
1998,6,,,42.18,,,,,
1998,7,,,42.44,,,,,
1998,8,,,42.7,,,,,
1998,9,,,42.52,,,,,
1998,10,,,42.33,,,,,
1998,11,,,42.38,,,,,
1998,12,,,42.55,,,,,
1999,1,,,42.51,,,,,
1999,2,,,42.46,,,,,
1999,3,,,42.45,,,,,
1999,4,,,42.73,,,,,
1999,5,,,42.77,,,,,
1999,6,,,43.14,,,,,
1999,7,,,43.29,,,,,
1999,8,,,43.46,,,,,
1999,9,,,43.53,,,,,
1999,10,,,43.45,,,,,
1999,11,,,43.4,,,,,
1999,12,,,43.48,,,,,
2000,1,,,43.55,,,,,
2000,2,,,43.61,,,,,
2000,3,,,43.59,,,,,
2000,4,,,43.64,,,,,
2000,5,,,43.99,,,,,
2000,6,,,44.69,,,,,
2000,7,,,44.78,,,,,
2000,8,,,45.69,,,,,
2000,9,,,45.89,,,,,
2000,10,,,46.35,,,,,
2000,11,,,46.78,,,,,
2000,12,,,46.75,,,,,
2001,1,,,46.55,,,,,
2001,2,,,46.52,,,,,
2001,3,,,46.62,,,,,
2001,4,,,46.79,,,,,
2001,5,,,46.92,,,,,
2001,6,,,47.0,,,,,
2001,7,,,47.14,,,,,
2001,8,,,47.13,,,,,
2001,9,,,47.65,,,,,
2001,10,,,48.02,,,,,
2001,11,,,48.0,,,,,
2001,12,,,47.92,,,,,
2002,1,,,48.32,,,,,
2002,2,,,48.69,,,,,
2002,3,,,48.74,,,,,
2002,4,,,48.92,,,,,
2002,5,,,49.0,,,,,
2002,6,,,48.97,,,,,
2002,7,,,48.76,,,,,
2002,8,,,48.59,,,,,
2002,9,,,48.44,,,,,
2002,10,,,48.37,,,,,
2002,11,,,48.26,,,,,
2002,12,,,48.14,,,,,
2003,1,,,47.93,,,,,
2003,2,,,47.74,,,,,
2003,3,,,47.64,,,,,
2003,4,,,47.38,,,,,
2003,5,,,47.08,,,,,
2003,6,,,46.71,,,,,
2003,7,,,46.23,,,,,
2003,8,,,45.94,,,,,
2003,9,,,45.85,,,,,
2003,10,,,45.39,,,,,
2003,11,,,45.52,,,,,
2003,12,,,45.59,,,,,
2004,1,,,45.46,,,,,
2004,2,,,45.27,,,,,
2004,3,,,45.01,,,,,
2004,4,,,43.93,,,,,
2004,5,,,45.26,,,,,
2004,6,,,45.52,,,,,
2004,7,,,46.04,,,,,
2004,8,,,46.34,,,,,
2004,9,,,46.1,,,,,
2004,10,,,45.78,,,,,
2004,11,,,45.13,,,,,
2004,12,,,43.98,,,,,
2005,1,,,43.76,,,,,
2005,2,,,43.68,,,,,
2005,3,,,43.69,,,,,
2005,4,,,43.74,,,,,
2005,5,,,43.49,,,,,
2005,6,,,43.59,,,,,
2005,7,,,43.54,,,,,
2005,8,,,43.63,,,,,
2005,9,,,43.92,,,,,
2005,10,,,44.82,,,,,
2005,11,,,45.73,,,,,
2005,12,,,45.65,,,,,
2006,1,,,44.4,,,,,
2006,2,,,44.33,,,,,
2006,3,,,44.48,,,,,
2006,4,,,44.89,,,,,
2006,5,,,45.41,,,,,
2006,6,,,46.06,,,,,
2006,7,,,46.46,,,,,
2006,8,,,46.54,,,,,
2006,9,,,46.12,,,,,
2006,10,,,45.47,,,,,
2006,11,,,44.85,,,,,
2006,12,,,44.63,,,,,
2007,1,,,44.33,,,,,
2007,2,,,44.16,,,,,
2007,3,,,44.03,,,,,
2007,4,,,42.15,,,,,
2007,5,,,40.78,,,,,
2007,6,,,40.77,,,,,
2007,7,,,40.42,,,,,
2007,8,,,40.82,,,,,
2007,9,,,40.34,,,,,
2007,10,,,39.51,,,,,
2007,11,,,39.44,,,,,
2007,12,,,39.44,,,,,
2008,1,,,39.37,,,,,
2008,2,,,39.73,,,,,
2008,3,,,40.36,,,,,
2008,4,,,40.02,,,,,
2008,5,,,42.13,,,,,
2008,6,,,42.82,,,,,
2008,7,,,42.84,,,,,
2008,8,,,42.94,,,,,
2008,9,,,45.56,,,,,
2008,10,,,48.66,,,,,
2008,11,,,49.0,,,,,
2008,12,,,48.64,,,,,
2009,1,,,48.83,,,,,
2009,2,,,49.26,,,,,
2009,3,,,51.23,,,,,
2009,4,,,50.06,,,,,
2009,5,,,48.53,,,,,
2009,6,,,47.77,,,,,
2009,7,,,48.48,,,,,
2009,8,,,48.34,,,,,
2009,9,,,48.44,,,,,
2009,10,,,46.72,,,,,
2009,11,,,46.57,,,,,
2009,12,,,46.63,,,,,
2010,1,4.75,3.25,45.96,,,,,
2010,2,4.75,3.25,46.33,,,,,
2010,3,5.0,3.5,45.5,,,,,
2010,4,5.25,3.75,44.5,,,,,
2010,5,5.25,3.75,45.8,,,,,
2010,6,5.25,3.75,46.56,,,,,
2010,7,5.75,4.5,46.84,,,,,
2010,8,5.75,4.5,46.57,,,,,
2010,9,6.0,5.0,46.01,,,,,
2010,10,6.0,5.0,44.41,,,,,
2010,11,6.25,5.25,45.02,,,,,
2010,12,6.25,5.25,45.16,,,,,
2011,1,6.5,5.5,45.4,,,,,
2011,2,6.5,5.5,45.44,,,,,
2011,3,6.75,5.75,44.99,,,,,
2011,4,6.75,5.75,44.37,100.0,100.0,100.0,100.0,100.0
2011,5,7.25,6.25,44.9,100.0,100.0,100.0,100.0,100.0
2011,6,7.5,6.5,44.85,100.0,100.0,100.0,100.0,100.0
2011,7,8.0,7.0,44.42,100.0,100.0,100.0,100.0,100.0
2011,8,8.0,7.0,45.28,100.0,100.0,100.0,100.0,100.0
2011,9,8.25,7.25,47.64,100.0,100.0,100.0,100.0,100.0
2011,10,8.5,7.5,49.26,100.0,100.0,100.0,100.0,100.0
2011,11,8.5,7.5,50.84,100.0,100.0,100.0,100.0,100.0
2011,12,8.5,7.5,52.67,100.0,100.0,100.0,100.0,100.0
2012,1,8.5,7.5,51.35,100.0,100.0,100.0,100.0,100.0
2012,2,8.5,7.5,49.16,100.0,100.0,100.0,100.0,100.0
2012,3,8.5,7.5,50.32,100.0,100.0,100.0,100.0,100.0
2012,4,8.0,7.0,51.8,114.8,125.6,142.4,72.8,129.3
2012,5,8.0,7.0,54.47,113.7,123.2,155.9,72.0,138.3
2012,6,8.0,7.0,56.03,120.5,137.0,186.5,80.1,144.8
2012,7,8.0,7.0,55.5,123.8,141.4,194.6,94.1,182.3
2012,8,8.0,7.0,55.56,117.2,128.9,198.0,105.6,147.2
2012,9,8.0,7.0,54.61,112.7,120.0,189.4,104.5,107.0
2012,10,8.0,7.0,53.02,112.7,119.4,172.9,111.8,105.5
2012,11,8.0,7.0,54.78,116.5,124.8,171.1,145.2,111.4
2012,12,8.0,7.0,54.65,109.8,114.3,147.9,161.6,86.6
2013,1,7.75,6.75,54.32,113.6,117.5,142.3,190.0,88.3
2013,2,7.75,6.75,53.77,111.8,115.2,129.8,216.2,73.7
2013,3,7.5,6.5,54.4,111.7,114.5,124.1,159.1,84.1
2013,4,7.5,6.5,54.38,115.6,123.3,148.9,145.2,106.9
2013,5,7.25,6.25,55.01,125.2,140.8,168.5,141.7,162.9
2013,6,7.25,6.25,58.4,137.5,164.2,176.9,190.8,186.1
2013,7,7.25,6.25,59.78,143.5,177.0,181.1,279.0,158.3
2013,8,7.25,6.25,63.21,160.6,206.2,170.8,441.3,184.8
2013,9,7.5,6.5,63.75,161.6,197.8,162.4,491.0,206.4
2013,10,7.75,6.75,61.62,175.6,222.4,187.9,530.9,269.5
2013,11,7.75,6.75,62.63,173.4,220.9,249.9,392.7,258.8
2013,12,7.75,6.75,61.91,136.6,156.4,213.8,210.1,151.0
2014,1,8.0,7.0,62.08,118.7,121.8,155.6,163.3,79.5
2014,2,8.0,7.0,62.25,116.1,114.6,144.3,133.1,79.6
2014,3,8.0,7.0,61.01,120.5,117.2,158.3,126.8,82.1
2014,4,8.0,7.0,60.36,124.6,124.0,188.9,130.7,102.4
2014,5,8.0,7.0,59.31,129.6,132.1,224.0,139.5,101.1
2014,6,8.0,7.0,59.73,140.7,152.5,248.5,185.0,108.3
2014,7,8.0,7.0,60.06,167.8,199.6,265.9,243.4,248.3
2014,8,8.0,7.0,60.9,175.1,211.5,289.9,232.0,325.1
2014,9,8.0,7.0,60.86,165.5,187.9,310.7,206.1,213.9
2014,10,8.0,7.0,61.34,158.6,175.3,315.4,201.8,168.4
2014,11,8.0,7.0,61.7,155.4,175.7,320.2,204.4,139.1
2014,12,8.0,7.0,62.75,143.6,157.5,201.1,208.7,147.2
2015,1,7.75,6.75,62.23,136.5,142.0,137.5,193.5,131.3
2015,2,7.75,6.75,62.04,130.7,128.5,116.2,198.0,119.2
2015,3,7.5,6.5,62.45,130.1,125.9,109.2,185.0,122.7
2015,4,7.5,6.5,62.75,131.9,129.2,100.5,171.8,166.7
2015,5,7.5,6.5,63.8,132.0,132.8,105.5,179.9,168.7
2015,6,7.25,6.25,63.86,138.8,145.0,118.4,204.2,196.0
2015,7,7.25,6.25,63.64,139.7,146.9,130.6,275.5,164.1
2015,8,7.25,6.25,65.07,149.4,163.9,132.0,440.2,149.3
2015,9,6.75,5.75,66.22,149.3,160.6,131.2,460.3,164.4
2015,10,6.75,5.75,65.06,152.1,166.4,138.2,369.4,220.9
2015,11,6.75,5.75,66.12,152.8,173.3,152.2,269.9,293.9
2015,12,6.75,5.75,66.6,142.7,155.5,137.2,209.5,211.3
2016,1,6.75,5.75,67.25,134.0,138.8,123.0,184.3,144.8
2016,2,6.75,5.75,68.24,123.5,117.5,127.6,144.9,103.6
2016,3,6.75,5.75,67.02,124.7,119.0,133.2,133.2,99.4
2016,4,6.5,6.0,66.47,136.6,134.8,167.7,123.5,142.7
2016,5,6.5,6.0,66.91,144.6,151.3,194.1,117.4,179.0
2016,6,6.5,6.0,67.3,157.0,172.0,214.3,123.5,209.4
2016,7,6.5,6.0,67.21,155.4,165.4,230.4,129.5,147.5
2016,8,6.5,6.0,66.94,149.8,151.2,235.5,117.0,114.9
2016,9,6.5,6.0,66.74,148.7,144.7,229.8,107.8,116.6
2016,10,6.25,5.75,66.75,145.5,146.7,214.7,104.3,132.3
2016,11,6.25,5.75,67.63,139.9,143.3,201.8,120.6,114.4
2016,12,6.25,5.75,67.9,120.5,113.7,128.5,122.2,95.3
2017,1,6.25,5.75,68.08,117.5,106.2,102.5,117.8,91.4
2017,2,6.25,5.75,67.08,120.6,108.1,96.8,114.5,110.1
2017,3,6.25,5.75,65.92,128.0,118.4,91.1,110.6,126.1
2017,4,6.25,6.0,64.51,130.8,124.0,99.5,107.9,118.8
2017,5,6.25,6.0,64.42,129.1,123.5,109.0,102.3,98.6
2017,6,6.25,6.0,64.44,137.3,135.5,112.5,111.8,147.8
2017,7,6.25,6.0,64.46,176.8,201.8,132.6,117.2,456.6
2017,8,6.0,5.75,63.97,191.4,219.0,132.0,220.5,413.3
2017,9,6.0,5.75,64.44,162.8,167.0,122.3,193.8,219.3
2017,10,6.0,5.75,65.08,177.1,200.5,119.6,237.6,260.3
2017,11,6.0,5.75,64.86,190.2,229.1,119.6,335.5,422.6
2017,12,6.0,5.75,64.24,162.1,177.8,117.7,363.0,224.5
2018,1,6.0,5.75,63.64,146.8,149.5,111.4,346.2,119.7
2018,2,6.0,5.75,64.37,134.1,124.6,108.1,250.7,95.5
2018,3,6.0,5.75,65.02,132.3,115.2,130.5,157.3,92.7
2018,4,6.0,5.75,65.64,142.9,123.5,170.8,122.6,111.2
2018,5,6.0,5.75,67.54,141.1,127.9,205.5,115.8,104.6
2018,6,6.25,6.0,67.79,145.9,147.0,224.6,135.3,147.2
2018,7,6.25,6.0,68.69,156.1,174.4,232.3,169.0,232.3
2018,8,6.5,6.25,69.55,155.8,175.2,226.0,163.3,190.4
2018,9,6.5,6.25,72.22,154.0,160.1,220.0,147.8,140.2
2018,10,6.5,6.25,73.63,157.8,163.7,232.6,162.3,141.0
2018,11,6.5,6.25,71.85,155.6,167.9,225.5,175.8,144.1
2018,12,6.5,6.25,70.73,140.4,143.5,167.0,131.3,139.7
2019,1,6.5,6.25,70.73,140.5,143.4,141.4,119.1,167.5
2019,2,6.25,6.0,71.22,136.1,132.8,131.4,105.3,133.4
2019,3,6.25,6.0,69.48,141.8,142.9,133.8,108.0,161.8
2019,4,6.0,5.75,69.43,158.5,162.2,143.1,118.6,208.8
2019,5,6.0,5.75,69.77,163.7,174.7,157.9,134.2,287.2
2019,6,5.75,5.5,69.44,166.8,183.5,170.1,157.8,318.9
2019,7,5.75,5.5,68.81,175.5,192.7,176.2,181.9,326.3
2019,8,5.4,5.15,71.15,180.1,197.8,175.7,217.2,299.3
2019,9,5.4,5.15,71.33,175.2,191.0,170.4,328.7,217.8
2019,10,5.15,4.9,71.04,194.2,227.5,187.0,356.8,341.9
2019,11,5.15,4.9,71.45,199.5,244.3,206.3,478.7,302.7
2019,12,5.15,4.9,71.19,195.6,243.2,250.6,729.8,191.5
2020,1,5.15,4.9,71.31,180.9,216.1,262.3,468.5,200.0
2020,2,5.15,4.9,71.49,157.2,172.6,211.2,276.2,158.4
2020,3,4.4,4.0,74.35,148.7,158.1,215.9,229.3,135.7
2020,4,4.4,3.75,76.24,161.4,167.3,231.9,204.4,146.7
2020,5,4.0,3.35,75.66,152.8,153.3,240.9,142.0,125.8
2020,6,4.0,3.35,75.73,159.3,166.6,265.7,133.7,173.5
2020,7,4.0,3.35,74.99,181.8,208.5,297.9,135.4,388.4
2020,8,4.0,3.35,74.67,187.6,212.1,322.3,142.4,345.3
2020,9,4.0,3.35,73.48,211.1,263.8,372.6,224.7,434.0
2020,10,4.0,3.35,73.46,223.9,288.3,410.0,387.1,389.9
2020,11,4.0,3.35,74.22,218.8,281.6,491.1,442.3,339.6
2020,12,4.0,3.35,73.59,180.7,213.9,364.4,330.7,268.5
2021,1,4.0,3.35,73.11,158.3,170.6,200.7,316.0,175.7
2021,2,4.0,3.35,72.76,160.5,167.5,147.5,362.6,163.4
2021,3,4.0,3.35,72.79,154.6,149.9,143.8,241.1,142.1
2021,4,4.0,3.35,74.47,170.1,152.3,162.3,164.1,147.2
2021,5,4.0,3.35,73.27,159.4,142.3,178.0,175.0,132.2
2021,6,4.0,3.35,73.56,163.5,165.3,183.1,219.7,145.2
2021,7,4.0,3.35,74.53,170.1,191.2,188.6,232.9,228.5
2021,8,4.0,3.35,74.18,171.5,185.3,201.8,231.8,235.7
2021,9,4.0,3.35,73.56,174.0,178.5,190.2,220.4,214.3
2021,10,4.0,3.35,74.94,208.2,238.0,204.6,293.1,415.3
2021,11,4.0,3.35,74.51,234.4,291.3,254.5,290.2,560.9
2021,12,4.0,3.35,75.37,226.9,281.2,209.6,267.6,520.1
2022,1,4.0,3.35,74.44,201.8,236.0,171.7,265.5,272.8
2022,2,4.0,3.35,74.99,192.1,212.7,170.6,266.8,194.1
2022,3,4.0,3.35,76.24,179.0,180.0,181.7,218.6,162.1
2022,4,4.0,3.35,76.15,198.0,186.7,194.5,157.5,204.0
2022,5,4.4,3.35,77.32,208.4,224.2,232.0,139.3,421.9
2022,6,4.9,3.35,78.07,225.9,259.8,259.1,150.9,553.3
2022,7,4.9,3.35,79.6,209.0,226.5,291.4,172.5,301.8
2022,8,5.4,3.35,79.55,216.4,226.9,291.4,174.4,249.8
2022,9,5.9,3.35,80.23,215.6,249.3,284.9,174.2,354.3
2022,10,5.9,3.35,82.39,230.8,279.5,296.5,205.1,437.4
2022,11,5.9,3.35,81.81,205.4,232.8,289.5,234.2,266.6
2022,12,6.25,3.35,82.46,173.1,179.1,251.7,194.3,181.8
2023,1,6.25,3.35,81.9,171.2,173.0,184.6,200.5,162.3
2023,2,6.5,3.35,82.61,173.0,166.8,146.0,159.5,167.8
2023,3,6.5,3.35,82.31,180.7,175.7,135.2,138.1,191.1
2023,4,6.5,3.35,82.02,192.2,183.9,157.0,128.2,173.6
2023,5,6.5,3.35,82.32,184.2,178.3,190.0,129.2,159.8
2023,6,6.5,3.35,82.23,193.9,203.8,204.3,144.4,249.4
2023,7,6.5,3.35,82.15,282.9,379.6,221.3,184.3,1043.6
2023,8,6.5,3.35,82.79,263.6,336.8,221.4,233.9,813.9
2023,9,6.5,3.35,83.05,198.5,208.7,212.2,271.9,219.5
2023,10,6.5,3.35,83.23,204.9,221.6,209.7,343.4,189.9
2023,11,6.5,3.35,83.3,226.1,258.7,210.3,490.5,330.7
2023,12,6.5,3.35,83.28,201.1,224.4,189.8,354.5,328.9
2024,1,6.5,3.35,83.12,189.6,205.9,169.5,246.7,254.4
2024,2,6.5,3.35,82.97,187.7,199.9,169.6,205.2,269.3
2024,3,6.5,3.35,82.99,197.2,211.0,214.2,216.1,250.1
2024,4,6.5,3.35,83.4,215.0,227.3,270.0,204.1,244.0
2024,5,6.5,3.35,83.39,220.8,236.4,311.7,205.4,262.8
2024,6,6.5,3.35,83.47,245.4,283.4,343.7,279.2,393.6
2024,7,6.5,3.35,83.59,277.6,347.0,397.7,347.9,630.5
2024,8,6.5,3.35,83.9,259.2,303.3,393.6,391.2,385.4
2024,9,6.5,3.35,83.79,264.1,310.9,376.2,493.3,384.7
2024,10,6.5,3.35,84.03,291.6,360.9,375.6,478.2,641.3
2024,11,6.5,3.35,84.36,271.9,334.6,384.1,495.8,433.9
2024,12,6.5,3.35,84.99,244.7,288.5,365.1,414.7,346.4
2025,1,6.5,3.35,86.27,210.7,222.6,292.5,316.6,206.3
2025,2,6.25,3.35,87.05,198.2,188.2,216.3,303.8,160.8
2025,3,6.25,3.35,86.64,197.4,179.4,199.7,272.6,142.6
2025,4,6.0,3.35,85.56,209.7,188.3,205.4,204.5,149.7
2025,5,6.0,3.35,85.19,203.8,185.8,221.4,176.3,176.7
2025,6,5.5,3.35,85.9,212.4,219.2,232.0,185.8,277.4
2025,7,5.5,3.35,86.11,220.8,246.3,232.5,193.5,361.2
2025,8,5.5,3.35,87.52,231.1,259.8,218.2,193.8,475.2
2025,9,5.5,3.35,88.32,219.2,235.1,218.1,177.0,335.1
2025,10,5.5,3.35,88.42,216.1,234.6,227.0,162.3,302.0
2025,11,5.5,3.35,88.83,235.6,268.1,245.1,175.0,365.5
2025,12,5.25,3.35,90.09,240.8,278.1,223.2,189.1,466.1
2026,1,5.25,3.35,90.8,221.0,237.6,178.0,210.8,394.7
2026,2,5.25,3.35,90.73,206.6,197.2,157.0,179.6,217.1
2026,3,5.25,3.35,92.76,200.9,182.0,143.9,157.8,185.5
2026,4,5.25,3.35,93.55,210.0,189.3,143.7,150.4,197.0
2026,5,5.25,3.35,95.6,,,,,
2026,6,5.25,3.35,94.97,,,,,
