design,week_start,dynamic_ATT_pct
cross_crop_onion,2017-01-02,-6.93
cross_crop_onion,2017-01-09,-11.7
cross_crop_onion,2017-01-16,-6.12
cross_crop_onion,2017-01-23,-8.25
cross_crop_onion,2017-01-30,-3.51
cross_crop_onion,2017-02-06,-3.18
cross_crop_onion,2017-02-13,-2.4
cross_crop_onion,2017-02-20,-0.89
cross_crop_onion,2017-02-27,-0.94
cross_crop_onion,2017-03-06,-3.46
cross_crop_onion,2017-03-13,-5.64
cross_crop_onion,2017-03-20,4.07
cross_crop_onion,2017-03-27,-0.36
cross_crop_onion,2017-04-03,1.29
cross_crop_onion,2017-04-10,-6.55
cross_crop_onion,2017-04-17,-12.71
cross_crop_onion,2017-04-24,-12.74
cross_crop_onion,2017-05-01,-11.21
cross_crop_onion,2017-05-08,-9.22
cross_crop_onion,2017-05-15,-11.52
cross_crop_onion,2017-05-22,-1.84
cross_crop_onion,2017-05-29,3.33
cross_crop_onion,2017-06-05,14.09
cross_crop_onion,2017-06-12,13.54
cross_crop_onion,2017-06-19,3.69
cross_crop_onion,2017-06-26,-23.55
cross_crop_onion,2017-07-03,-37.49
cross_crop_onion,2017-07-10,-41.21
cross_crop_onion,2017-07-17,-41.7
cross_crop_onion,2017-07-24,-43.22
cross_crop_onion,2017-07-31,-19.39
cross_crop_onion,2017-08-07,6.63
cross_crop_onion,2017-08-14,-0.34
cross_crop_onion,2017-08-21,10.55
cross_crop_onion,2017-08-28,1.37
cross_crop_onion,2017-09-04,12.96
cross_crop_onion,2017-09-11,15.61
cross_crop_onion,2017-09-18,25.08
cross_crop_onion,2017-09-25,24.17
cross_crop_onion,2017-10-02,25.81
cross_crop_onion,2017-10-09,44.48
cross_crop_onion,2017-10-16,47.99
cross_crop_onion,2017-10-23,62.89
cross_crop_onion,2017-10-30,46.91
cross_crop_onion,2017-11-06,29.01
cross_crop_onion,2017-11-13,38.85
cross_crop_onion,2017-11-20,70.03
cross_crop_onion,2017-11-27,54.29
cross_crop_onion,2017-12-04,66.3
cross_crop_onion,2017-12-11,93.08
cross_crop_onion,2017-12-18,110.81
cross_crop_onion,2017-12-25,127.11
cross_crop_onion,2018-01-01,142.22
cross_crop_onion,2018-01-08,146.81
cross_crop_onion,2018-01-15,137.4
cross_crop_onion,2018-01-22,141.51
cross_crop_onion,2018-01-29,96.34
cross_crop_onion,2018-02-05,95.47
cross_crop_onion,2018-02-12,88.9
cross_crop_onion,2018-02-19,73.87
cross_crop_onion,2018-02-26,49.01
cross_crop_onion,2018-03-05,37.16
cross_crop_onion,2018-03-12,22.32
cross_crop_onion,2018-03-19,12.22
cross_crop_onion,2018-03-26,11.12
cross_crop_onion,2018-04-02,-1.18
cross_crop_onion,2018-04-09,3.57
cross_crop_onion,2018-04-16,-7.72
cross_crop_onion,2018-04-23,-2.17
cross_crop_onion,2018-04-30,6.49
cross_crop_onion,2018-05-07,16.28
cross_crop_onion,2018-05-14,14.41
cross_crop_onion,2018-05-21,5.69
cross_crop_onion,2018-05-28,16.19
cross_crop_onion,2018-06-04,29.46
cross_crop_onion,2018-06-11,24.21
cross_crop_onion,2018-06-18,25.95
cross_crop_onion,2018-06-25,5.44
cross_crop_onion,2018-07-02,8.22
cross_crop_onion,2018-07-09,-1.99
cross_crop_onion,2018-07-16,-2.91
cross_crop_onion,2018-07-23,-5.5
cross_crop_onion,2018-07-30,3.81
cross_crop_onion,2018-08-06,2.7
cross_crop_onion,2018-08-13,-6.04
cross_crop_onion,2018-08-20,-9.09
cross_crop_onion,2018-08-27,-15.34
cross_crop_onion,2018-09-03,-11.58
cross_crop_onion,2018-09-10,-13.18
cross_crop_onion,2018-09-17,-12.86
cross_crop_onion,2018-09-24,-19.21
cross_crop_onion,2018-10-01,-15.05
cross_crop_onion,2018-10-08,-16.1
cross_crop_onion,2018-10-15,4.19
cross_crop_onion,2018-10-22,10.59
cross_crop_onion,2018-10-29,4.03
cross_crop_onion,2018-11-05,1.02
cross_crop_onion,2018-11-12,2.07
cross_crop_onion,2018-11-19,-10.96
cross_crop_onion,2018-11-26,-15.51
cross_crop_onion,2018-12-03,-16.94
cross_crop_onion,2018-12-10,-17.79
cross_crop_onion,2018-12-17,-16.2
cross_crop_onion,2018-12-24,-21.84
cross_crop_onion,2018-12-31,-18.3
cross_crop_onion,2019-01-07,-25.05
cross_crop_onion,2019-01-14,-23.38
cross_crop_onion,2019-01-21,-18.69
cross_crop_onion,2019-01-28,-23.11
cross_crop_onion,2019-02-04,-23.75
cross_crop_onion,2019-02-11,-24.11
cross_crop_onion,2019-02-18,-28.81
cross_crop_onion,2019-02-25,-31.77
cross_crop_onion,2019-03-04,-27.82
cross_crop_onion,2019-03-11,-26.77
cross_crop_onion,2019-03-18,-26.29
cross_crop_onion,2019-03-25,-25.03
cross_crop_onion,2019-04-01,-24.27
cross_crop_onion,2019-04-08,-19.98
cross_crop_onion,2019-04-15,-20.77
cross_crop_onion,2019-04-22,-16.41
cross_crop_onion,2019-04-29,-15.53
cross_crop_onion,2019-05-06,-18.43
cross_crop_onion,2019-05-13,-20.72
cross_crop_onion,2019-05-20,-11.39
cross_crop_onion,2019-05-27,-9.18
cross_crop_onion,2019-06-03,0.86
cross_crop_onion,2019-06-10,0.51
cross_crop_onion,2019-06-17,3.82
cross_crop_onion,2019-06-24,-2.49
cross_crop_onion,2019-07-01,3.97
cross_crop_onion,2019-07-08,1.84
cross_crop_onion,2019-07-15,-11.59
cross_crop_onion,2019-07-22,-18.59
cross_crop_onion,2019-07-29,-17.79
cross_crop_onion,2019-08-05,-9.77
cross_crop_onion,2019-08-12,2.63
cross_crop_onion,2019-08-19,13.62
cross_crop_onion,2019-08-26,30.86
cross_crop_onion,2019-09-02,41.57
cross_crop_onion,2019-09-09,55.92
cross_crop_onion,2019-09-16,84.74
cross_crop_onion,2019-09-23,114.98
cross_crop_onion,2019-09-30,74.32
cross_crop_onion,2019-10-07,60.31
cross_crop_onion,2019-10-14,44.2
cross_crop_onion,2019-10-21,50.97
cross_crop_onion,2019-10-28,54.02
cross_crop_onion,2019-11-04,84.74
cross_crop_onion,2019-11-11,104.57
cross_crop_onion,2019-11-18,132.85
cross_crop_onion,2019-11-25,157.31
cross_crop_onion,2019-12-02,163.53
cross_crop_onion,2019-12-09,114.45
cross_crop_onion,2019-12-16,91.3
cross_crop_onion,2019-12-23,93.83
cross_crop_onion,2019-12-30,173.4
cross_crop_onion,2020-01-06,115.2
cross_crop_onion,2020-01-13,100.62
cross_crop_onion,2020-01-20,109.42
cross_crop_onion,2020-01-27,73.86
cross_crop_onion,2020-02-03,73.45
cross_crop_onion,2020-02-10,52.26
cross_crop_onion,2020-02-17,49.37
cross_crop_onion,2020-02-24,46.68
cross_crop_onion,2020-03-02,45.68
cross_crop_onion,2020-03-09,41.02
cross_crop_onion,2020-03-16,42.49
cross_crop_onion,2020-03-23,11.29
cross_crop_onion,2020-03-30,15.65
cross_crop_onion,2020-04-06,-4.77
cross_crop_onion,2020-04-13,-14.47
cross_crop_onion,2020-04-20,-22.94
cross_crop_onion,2020-04-27,-23.38
cross_crop_onion,2020-05-04,-24.69
cross_crop_onion,2020-05-11,-25.11
cross_crop_onion,2020-05-18,-15.37
cross_crop_onion,2020-05-25,-10.99
cross_crop_onion,2020-06-01,1.03
cross_crop_onion,2020-06-08,1.78
cross_crop_onion,2020-06-15,-5.47
cross_crop_onion,2020-06-22,-20.26
cross_crop_onion,2020-06-29,-28.28
cross_crop_onion,2020-07-06,-44.14
cross_crop_onion,2020-07-13,-52.78
cross_crop_onion,2020-07-20,-55.73
cross_crop_onion,2020-07-27,-58.89
cross_crop_onion,2020-08-03,-58.22
cross_crop_onion,2020-08-10,-55.9
cross_crop_onion,2020-08-17,-49.54
cross_crop_onion,2020-08-24,-47.21
cross_crop_onion,2020-08-31,-43.59
cross_crop_onion,2020-09-07,-39.58
cross_crop_onion,2020-09-14,-27.64
cross_crop_onion,2020-09-21,-13.46
cross_crop_onion,2020-09-28,-12.65
cross_crop_onion,2020-10-05,-0.98
cross_crop_onion,2020-10-12,21.24
cross_crop_onion,2020-10-19,52.8
cross_crop_onion,2020-10-26,50.66
cross_crop_onion,2020-11-02,38.52
cross_crop_onion,2020-11-09,28.81
cross_crop_onion,2020-11-16,35.53
cross_crop_onion,2020-11-23,30.94
cross_crop_onion,2020-11-30,11.06
cross_crop_onion,2020-12-07,8.78
cross_crop_onion,2020-12-14,16.7
cross_crop_onion,2020-12-21,13.92
cross_crop_onion,2020-12-28,13.91
cross_crop_onion,2021-01-04,41.46
cross_crop_onion,2021-01-11,70.62
cross_crop_onion,2021-01-18,83.36
cross_crop_onion,2021-01-25,83.98
cross_crop_onion,2021-02-01,115.92
cross_crop_onion,2021-02-08,131.3
cross_crop_onion,2021-02-15,163.93
cross_crop_onion,2021-02-22,165.56
cross_crop_onion,2021-03-01,106.71
cross_crop_onion,2021-03-08,63.56
cross_crop_onion,2021-03-15,45.29
cross_crop_onion,2021-03-22,24.25
cross_crop_onion,2021-03-29,20.86
cross_crop_onion,2021-04-05,13.82
cross_crop_onion,2021-04-12,2.76
cross_crop_onion,2021-04-19,-4.1
cross_crop_onion,2021-04-26,11.81
cross_crop_onion,2021-05-03,10.43
cross_crop_onion,2021-05-10,21.77
cross_crop_onion,2021-05-17,34.67
cross_crop_onion,2021-05-24,49.45
cross_crop_onion,2021-05-31,64.33
cross_crop_onion,2021-06-07,87.99
cross_crop_onion,2021-06-14,91.71
cross_crop_onion,2021-06-21,72.91
cross_crop_onion,2021-06-28,61.68
cross_crop_onion,2021-07-05,62.6
cross_crop_onion,2021-07-12,53.42
cross_crop_onion,2021-07-19,50.52
cross_crop_onion,2021-07-26,42.87
cross_crop_onion,2021-08-02,39.31
cross_crop_onion,2021-08-09,39.32
cross_crop_onion,2021-08-16,32.66
cross_crop_onion,2021-08-23,25.95
cross_crop_onion,2021-08-30,21.12
cross_crop_onion,2021-09-06,20.88
cross_crop_onion,2021-09-13,14.57
cross_crop_onion,2021-09-20,21.07
cross_crop_onion,2021-09-27,24.97
cross_crop_onion,2021-10-04,48.04
cross_crop_onion,2021-10-11,54.74
cross_crop_onion,2021-10-18,33.56
cross_crop_onion,2021-10-25,2.92
cross_crop_onion,2021-11-01,-0.0
cross_crop_onion,2021-11-08,3.38
cross_crop_onion,2021-11-15,-17.15
cross_crop_onion,2021-11-22,-13.85
cross_crop_onion,2021-11-29,-15.31
cross_crop_onion,2021-12-06,-12.35
cross_crop_onion,2021-12-13,-4.47
cross_crop_onion,2021-12-20,3.02
cross_crop_onion,2021-12-27,7.61
cross_crop_onion,2022-01-03,13.91
cross_crop_onion,2022-01-10,26.14
cross_crop_onion,2022-01-17,40.38
cross_crop_onion,2022-01-24,41.59
cross_crop_onion,2022-01-31,37.02
cross_crop_onion,2022-02-07,36.47
cross_crop_onion,2022-02-14,44.97
cross_crop_onion,2022-02-21,38.3
cross_crop_onion,2022-02-28,19.98
cross_crop_onion,2022-03-07,3.24
cross_crop_onion,2022-03-14,-6.72
cross_crop_onion,2022-03-21,-14.37
cross_crop_onion,2022-03-28,-16.98
cross_crop_onion,2022-04-04,-24.23
cross_crop_onion,2022-04-11,-30.74
cross_crop_onion,2022-04-18,-29.72
cross_crop_onion,2022-04-25,-33.24
cross_crop_onion,2022-05-02,-38.22
cross_crop_onion,2022-05-09,-38.77
cross_crop_onion,2022-05-16,-47.14
cross_crop_onion,2022-05-23,-48.53
cross_crop_onion,2022-05-30,-40.93
cross_crop_onion,2022-06-06,-34.02
cross_crop_onion,2022-06-13,-24.01
cross_crop_onion,2022-06-20,-24.25
cross_crop_onion,2022-06-27,-38.58
cross_crop_onion,2022-07-04,-33.84
cross_crop_onion,2022-07-11,-21.68
cross_crop_onion,2022-07-18,-21.35
cross_crop_onion,2022-07-25,-21.05
cross_crop_onion,2022-08-01,-22.44
cross_crop_onion,2022-08-08,-23.7
cross_crop_onion,2022-08-15,-29.21
cross_crop_onion,2022-08-22,-27.32
cross_crop_onion,2022-08-29,-31.97
cross_crop_onion,2022-09-05,-32.89
cross_crop_onion,2022-09-12,-36.94
cross_crop_onion,2022-09-19,-40.15
cross_crop_onion,2022-09-26,-36.2
cross_crop_onion,2022-10-03,-26.97
cross_crop_onion,2022-10-10,-20.61
cross_crop_onion,2022-10-17,-20.43
cross_crop_onion,2022-10-24,-13.18
cross_crop_onion,2022-10-31,5.98
cross_crop_onion,2022-11-07,10.04
cross_crop_onion,2022-11-14,9.16
cross_crop_onion,2022-11-21,8.21
cross_crop_onion,2022-11-28,-0.01
cross_crop_onion,2022-12-05,-7.78
cross_crop_onion,2022-12-12,-1.56
cross_crop_onion,2022-12-19,16.01
cross_crop_onion,2022-12-26,30.72
cross_crop_onion,2023-01-02,26.14
cross_crop_onion,2023-01-09,20.16
cross_crop_onion,2023-01-16,17.9
cross_crop_onion,2023-01-23,21.37
cross_crop_onion,2023-01-30,16.38
cross_crop_onion,2023-02-06,20.13
cross_crop_onion,2023-02-13,7.69
cross_crop_onion,2023-02-20,0.97
cross_crop_onion,2023-02-27,0.62
cross_crop_onion,2023-03-06,3.26
cross_crop_onion,2023-03-13,3.65
cross_crop_onion,2023-03-20,0.01
cross_crop_onion,2023-03-27,-2.17
cross_crop_onion,2023-04-03,-11.2
cross_crop_onion,2023-04-10,-19.68
cross_crop_onion,2023-04-17,-22.03
cross_crop_onion,2023-04-24,-18.75
cross_crop_onion,2023-05-01,-20.07
cross_crop_onion,2023-05-08,-19.87
cross_crop_onion,2023-05-15,-15.51
cross_crop_onion,2023-05-22,-6.5
cross_crop_onion,2023-05-29,-7.26
cross_crop_onion,2023-06-05,5.92
cross_crop_onion,2023-06-12,3.22
cross_crop_onion,2023-06-19,-13.27
cross_crop_onion,2023-06-26,-32.05
cross_crop_onion,2023-07-03,-37.04
cross_crop_onion,2023-07-10,-49.45
cross_crop_onion,2023-07-17,-50.77
cross_crop_onion,2023-07-24,-47.94
cross_crop_onion,2023-07-31,-46.92
cross_crop_onion,2023-08-07,-30.72
cross_crop_onion,2023-08-14,-22.27
cross_crop_onion,2023-08-21,-17.63
cross_crop_onion,2023-08-28,-4.96
cross_crop_onion,2023-09-04,4.01
cross_crop_onion,2023-09-11,29.39
cross_crop_onion,2023-09-18,40.52
cross_crop_onion,2023-09-25,43.43
cross_crop_onion,2023-10-02,50.85
cross_crop_onion,2023-10-09,55.71
cross_crop_onion,2023-10-16,80.97
cross_crop_onion,2023-10-23,140.14
cross_crop_onion,2023-10-30,163.84
cross_crop_onion,2023-11-06,132.15
cross_crop_onion,2023-11-13,118.31
cross_crop_onion,2023-11-20,82.32
cross_crop_onion,2023-11-27,74.25
cross_crop_onion,2023-12-04,95.5
cross_crop_onion,2023-12-11,64.66
cross_crop_onion,2023-12-18,69.31
cross_crop_onion,2023-12-25,38.63
cross_crop_onion,2024-01-01,45.93
cross_crop_onion,2024-01-08,55.96
cross_crop_onion,2024-01-15,39.56
cross_crop_onion,2024-01-22,17.96
cross_crop_onion,2024-01-29,9.84
cross_crop_onion,2024-02-05,-1.2
cross_crop_onion,2024-02-12,4.06
cross_crop_onion,2024-02-19,12.64
cross_crop_onion,2024-02-26,12.65
cross_crop_onion,2024-03-04,0.87
cross_crop_onion,2024-03-11,-5.06
cross_crop_onion,2024-03-18,-10.29
cross_crop_onion,2024-03-25,-6.04
cross_crop_onion,2024-04-01,6.9
cross_crop_onion,2024-04-08,3.17
cross_crop_onion,2024-04-15,-18.25
cross_crop_onion,2024-04-22,-16.81
cross_crop_onion,2024-04-29,-6.42
hub_real_2023,2017-01-02,-8.11
hub_real_2023,2017-01-09,-14.87
hub_real_2023,2017-01-16,-14.57
hub_real_2023,2017-01-23,-18.92
hub_real_2023,2017-01-30,-22.65
hub_real_2023,2017-02-06,-26.25
hub_real_2023,2017-02-13,-24.5
hub_real_2023,2017-02-20,-23.74
hub_real_2023,2017-02-27,-21.16
hub_real_2023,2017-03-06,-19.37
hub_real_2023,2017-03-13,-17.65
hub_real_2023,2017-03-20,-11.21
hub_real_2023,2017-03-27,-14.67
hub_real_2023,2017-04-03,-15.93
hub_real_2023,2017-04-10,-11.95
hub_real_2023,2017-04-17,-12.73
hub_real_2023,2017-04-24,-18.76
hub_real_2023,2017-05-01,-22.09
hub_real_2023,2017-05-08,-18.47
hub_real_2023,2017-05-15,-17.05
hub_real_2023,2017-05-22,-19.61
hub_real_2023,2017-05-29,-22.87
hub_real_2023,2017-06-05,-21.24
hub_real_2023,2017-06-12,-17.41
hub_real_2023,2017-06-19,-16.57
hub_real_2023,2017-06-26,-17.24
hub_real_2023,2017-07-03,-14.79
hub_real_2023,2017-07-10,-14.48
hub_real_2023,2017-07-17,-4.85
hub_real_2023,2017-07-24,11.88
hub_real_2023,2017-07-31,5.3
hub_real_2023,2017-08-07,9.16
hub_real_2023,2017-08-14,6.4
hub_real_2023,2017-08-21,-1.14
hub_real_2023,2017-08-28,9.8
hub_real_2023,2017-09-04,-1.69
hub_real_2023,2017-09-11,-8.22
hub_real_2023,2017-09-18,2.04
hub_real_2023,2017-09-25,-3.91
hub_real_2023,2017-10-02,11.73
hub_real_2023,2017-10-09,16.77
hub_real_2023,2017-10-16,7.62
hub_real_2023,2017-10-23,-7.1
hub_real_2023,2017-10-30,2.73
hub_real_2023,2017-11-06,4.37
hub_real_2023,2017-11-13,-2.62
hub_real_2023,2017-11-20,-0.16
hub_real_2023,2017-11-27,-11.37
hub_real_2023,2017-12-04,-0.77
hub_real_2023,2017-12-11,3.04
hub_real_2023,2017-12-18,-2.2
hub_real_2023,2017-12-25,2.73
hub_real_2023,2018-01-01,6.03
hub_real_2023,2018-01-08,1.01
hub_real_2023,2018-01-15,-0.19
hub_real_2023,2018-01-22,13.33
hub_real_2023,2018-01-29,-7.35
hub_real_2023,2018-02-05,1.9
hub_real_2023,2018-02-12,6.45
hub_real_2023,2018-02-19,6.49
hub_real_2023,2018-02-26,-7.16
hub_real_2023,2018-03-05,-0.24
hub_real_2023,2018-03-12,-7.04
hub_real_2023,2018-03-19,-3.94
hub_real_2023,2018-03-26,-5.74
hub_real_2023,2018-04-02,-3.39
hub_real_2023,2018-04-09,-5.75
hub_real_2023,2018-04-16,-6.29
hub_real_2023,2018-04-23,-7.05
hub_real_2023,2018-04-30,-1.86
hub_real_2023,2018-05-07,-2.16
hub_real_2023,2018-05-14,-2.76
hub_real_2023,2018-05-21,1.07
hub_real_2023,2018-05-28,-4.78
hub_real_2023,2018-06-04,-9.5
hub_real_2023,2018-06-11,-3.73
hub_real_2023,2018-06-18,4.13
hub_real_2023,2018-06-25,0.34
hub_real_2023,2018-07-02,3.44
hub_real_2023,2018-07-09,0.4
hub_real_2023,2018-07-16,-1.1
hub_real_2023,2018-07-23,-2.4
hub_real_2023,2018-07-30,-5.8
hub_real_2023,2018-08-06,-4.71
hub_real_2023,2018-08-13,-3.48
hub_real_2023,2018-08-20,-6.35
hub_real_2023,2018-08-27,-7.13
hub_real_2023,2018-09-03,-8.36
hub_real_2023,2018-09-10,-7.36
hub_real_2023,2018-09-17,-10.1
hub_real_2023,2018-09-24,-17.18
hub_real_2023,2018-10-01,-9.62
hub_real_2023,2018-10-08,1.89
hub_real_2023,2018-10-15,23.31
hub_real_2023,2018-10-22,0.56
hub_real_2023,2018-10-29,-15.25
hub_real_2023,2018-11-05,-12.04
hub_real_2023,2018-11-12,-15.83
hub_real_2023,2018-11-19,-21.45
hub_real_2023,2018-11-26,-33.93
hub_real_2023,2018-12-03,-23.67
hub_real_2023,2018-12-10,-26.8
hub_real_2023,2018-12-17,-29.68
hub_real_2023,2018-12-24,-33.17
hub_real_2023,2018-12-31,-18.86
hub_real_2023,2019-01-07,-14.99
hub_real_2023,2019-01-14,-14.43
hub_real_2023,2019-01-21,-18.14
hub_real_2023,2019-01-28,-13.97
hub_real_2023,2019-02-04,-14.55
hub_real_2023,2019-02-11,-18.3
hub_real_2023,2019-02-18,-18.05
hub_real_2023,2019-02-25,-13.45
hub_real_2023,2019-03-04,4.22
hub_real_2023,2019-03-11,-1.25
hub_real_2023,2019-03-18,0.75
hub_real_2023,2019-03-25,8.24
hub_real_2023,2019-04-01,6.54
hub_real_2023,2019-04-08,15.76
hub_real_2023,2019-04-15,19.3
hub_real_2023,2019-04-22,7.45
hub_real_2023,2019-04-29,-2.2
hub_real_2023,2019-05-06,5.68
hub_real_2023,2019-05-13,6.05
hub_real_2023,2019-05-20,4.52
hub_real_2023,2019-05-27,2.89
hub_real_2023,2019-06-03,1.23
hub_real_2023,2019-06-10,-0.76
hub_real_2023,2019-06-17,3.4
hub_real_2023,2019-06-24,3.05
hub_real_2023,2019-07-01,4.0
hub_real_2023,2019-07-08,2.17
hub_real_2023,2019-07-15,-2.09
hub_real_2023,2019-07-22,-1.74
hub_real_2023,2019-07-29,-2.08
hub_real_2023,2019-08-05,-2.39
hub_real_2023,2019-08-12,-4.43
hub_real_2023,2019-08-19,4.29
hub_real_2023,2019-08-26,5.28
hub_real_2023,2019-09-02,4.58
hub_real_2023,2019-09-09,8.9
hub_real_2023,2019-09-16,11.56
hub_real_2023,2019-09-23,10.21
hub_real_2023,2019-09-30,5.99
hub_real_2023,2019-10-07,11.95
hub_real_2023,2019-10-14,1.86
hub_real_2023,2019-10-21,21.08
hub_real_2023,2019-10-28,19.11
hub_real_2023,2019-11-04,12.42
hub_real_2023,2019-11-11,7.18
hub_real_2023,2019-11-18,19.35
hub_real_2023,2019-11-25,8.87
hub_real_2023,2019-12-02,25.44
hub_real_2023,2019-12-09,12.12
hub_real_2023,2019-12-16,11.84
hub_real_2023,2019-12-23,24.36
hub_real_2023,2019-12-30,-1.83
hub_real_2023,2020-01-06,-3.07
hub_real_2023,2020-01-13,-2.62
hub_real_2023,2020-01-20,7.96
hub_real_2023,2020-01-27,5.94
hub_real_2023,2020-02-03,-3.26
hub_real_2023,2020-02-10,-1.29
hub_real_2023,2020-02-17,0.59
hub_real_2023,2020-02-24,0.03
hub_real_2023,2020-03-02,-0.32
hub_real_2023,2020-03-09,-3.61
hub_real_2023,2020-03-16,-13.75
hub_real_2023,2020-03-23,-18.97
hub_real_2023,2020-03-30,-15.4
hub_real_2023,2020-04-06,-13.02
hub_real_2023,2020-04-13,-16.25
hub_real_2023,2020-04-20,-15.12
hub_real_2023,2020-04-27,-10.76
hub_real_2023,2020-05-04,-12.9
hub_real_2023,2020-05-11,-13.95
hub_real_2023,2020-05-18,-11.68
hub_real_2023,2020-05-25,2.2
hub_real_2023,2020-06-01,-0.33
hub_real_2023,2020-06-08,12.02
hub_real_2023,2020-06-15,-3.74
hub_real_2023,2020-06-22,1.52
hub_real_2023,2020-06-29,-4.39
hub_real_2023,2020-07-06,-9.9
hub_real_2023,2020-07-13,-8.79
hub_real_2023,2020-07-20,-10.03
hub_real_2023,2020-07-27,-8.3
hub_real_2023,2020-08-03,-9.65
hub_real_2023,2020-08-10,2.15
hub_real_2023,2020-08-17,22.95
hub_real_2023,2020-08-24,9.86
hub_real_2023,2020-08-31,25.99
hub_real_2023,2020-09-07,25.35
hub_real_2023,2020-09-14,24.2
hub_real_2023,2020-09-21,18.61
hub_real_2023,2020-09-28,9.25
hub_real_2023,2020-10-05,12.37
hub_real_2023,2020-10-12,9.52
hub_real_2023,2020-10-19,2.3
hub_real_2023,2020-10-26,6.6
hub_real_2023,2020-11-02,-4.84
hub_real_2023,2020-11-09,-3.77
hub_real_2023,2020-11-16,-1.71
hub_real_2023,2020-11-23,-3.61
hub_real_2023,2020-11-30,-9.88
hub_real_2023,2020-12-07,-0.76
hub_real_2023,2020-12-14,-15.33
hub_real_2023,2020-12-21,-14.55
hub_real_2023,2020-12-28,-13.74
hub_real_2023,2021-01-04,-0.44
hub_real_2023,2021-01-11,-3.39
hub_real_2023,2021-01-18,1.07
hub_real_2023,2021-01-25,10.41
hub_real_2023,2021-02-01,5.48
hub_real_2023,2021-02-08,8.21
hub_real_2023,2021-02-15,8.65
hub_real_2023,2021-02-22,3.08
hub_real_2023,2021-03-01,-5.47
hub_real_2023,2021-03-08,-9.73
hub_real_2023,2021-03-15,-7.84
hub_real_2023,2021-03-22,-13.32
hub_real_2023,2021-03-29,-12.97
hub_real_2023,2021-04-05,-8.67
hub_real_2023,2021-04-12,-0.01
hub_real_2023,2021-04-19,10.54
hub_real_2023,2021-04-26,16.1
hub_real_2023,2021-05-03,11.35
hub_real_2023,2021-05-10,16.34
hub_real_2023,2021-05-17,13.18
hub_real_2023,2021-05-24,16.29
hub_real_2023,2021-05-31,14.73
hub_real_2023,2021-06-07,7.7
hub_real_2023,2021-06-14,10.13
hub_real_2023,2021-06-21,7.43
hub_real_2023,2021-06-28,5.1
hub_real_2023,2021-07-05,2.77
hub_real_2023,2021-07-12,-1.32
hub_real_2023,2021-07-19,2.92
hub_real_2023,2021-07-26,6.3
hub_real_2023,2021-08-02,1.94
hub_real_2023,2021-08-09,7.62
hub_real_2023,2021-08-16,8.72
hub_real_2023,2021-08-23,0.34
hub_real_2023,2021-08-30,6.25
hub_real_2023,2021-09-06,3.23
hub_real_2023,2021-09-13,1.95
hub_real_2023,2021-09-20,16.77
hub_real_2023,2021-09-27,18.6
hub_real_2023,2021-10-04,21.32
hub_real_2023,2021-10-11,13.44
hub_real_2023,2021-10-18,8.71
hub_real_2023,2021-10-25,11.73
hub_real_2023,2021-11-01,10.08
hub_real_2023,2021-11-08,-3.36
hub_real_2023,2021-11-15,-4.64
hub_real_2023,2021-11-22,0.57
hub_real_2023,2021-11-29,4.96
hub_real_2023,2021-12-06,2.42
hub_real_2023,2021-12-13,-0.42
hub_real_2023,2021-12-20,-6.09
hub_real_2023,2021-12-27,-8.0
hub_real_2023,2022-01-03,-2.14
hub_real_2023,2022-01-10,-3.87
hub_real_2023,2022-01-17,3.13
hub_real_2023,2022-01-24,-0.79
hub_real_2023,2022-01-31,6.65
hub_real_2023,2022-02-07,7.11
hub_real_2023,2022-02-14,2.96
hub_real_2023,2022-02-21,3.54
hub_real_2023,2022-02-28,3.39
hub_real_2023,2022-03-07,-4.46
hub_real_2023,2022-03-14,-5.71
hub_real_2023,2022-03-21,-16.21
hub_real_2023,2022-03-28,-9.35
hub_real_2023,2022-04-04,-7.19
hub_real_2023,2022-04-11,-0.59
hub_real_2023,2022-04-18,-2.88
hub_real_2023,2022-04-25,-0.84
hub_real_2023,2022-05-02,-6.85
hub_real_2023,2022-05-09,-1.78
hub_real_2023,2022-05-16,-2.61
hub_real_2023,2022-05-23,0.07
hub_real_2023,2022-05-30,3.46
hub_real_2023,2022-06-06,2.73
hub_real_2023,2022-06-13,8.99
hub_real_2023,2022-06-20,2.86
hub_real_2023,2022-06-27,3.97
hub_real_2023,2022-07-04,-0.4
hub_real_2023,2022-07-11,-1.46
hub_real_2023,2022-07-18,-4.52
hub_real_2023,2022-07-25,-8.36
hub_real_2023,2022-08-01,-1.59
hub_real_2023,2022-08-08,-2.28
hub_real_2023,2022-08-15,-0.63
hub_real_2023,2022-08-22,1.27
hub_real_2023,2022-08-29,-2.83
hub_real_2023,2022-09-05,-4.86
hub_real_2023,2022-09-12,-5.03
hub_real_2023,2022-09-19,-5.32
hub_real_2023,2022-09-26,5.34
hub_real_2023,2022-10-03,6.85
hub_real_2023,2022-10-10,10.22
hub_real_2023,2022-10-17,9.9
hub_real_2023,2022-10-24,6.78
hub_real_2023,2022-10-31,12.66
hub_real_2023,2022-11-07,5.1
hub_real_2023,2022-11-14,-9.83
hub_real_2023,2022-11-21,-18.17
hub_real_2023,2022-11-28,-19.32
hub_real_2023,2022-12-05,-15.64
hub_real_2023,2022-12-12,-2.48
hub_real_2023,2022-12-19,6.6
hub_real_2023,2022-12-26,-4.1
hub_real_2023,2023-01-02,-4.24
hub_real_2023,2023-01-09,-2.98
hub_real_2023,2023-01-16,-3.12
hub_real_2023,2023-01-23,2.74
hub_real_2023,2023-01-30,-3.85
hub_real_2023,2023-02-06,-4.68
hub_real_2023,2023-02-13,-23.4
hub_real_2023,2023-02-20,-27.54
hub_real_2023,2023-02-27,-16.81
hub_real_2023,2023-03-06,-16.07
hub_real_2023,2023-03-13,-11.42
hub_real_2023,2023-03-20,-9.04
hub_real_2023,2023-03-27,-9.56
hub_real_2023,2023-04-03,-11.52
hub_real_2023,2023-04-10,-15.09
hub_real_2023,2023-04-17,-14.16
hub_real_2023,2023-04-24,-13.59
hub_real_2023,2023-05-01,-5.84
hub_real_2023,2023-05-08,-6.59
hub_real_2023,2023-05-15,-12.68
hub_real_2023,2023-05-22,-12.97
hub_real_2023,2023-05-29,-13.84
hub_real_2023,2023-06-05,-14.01
hub_real_2023,2023-06-12,-13.76
hub_real_2023,2023-06-19,-10.69
hub_real_2023,2023-06-26,4.13
hub_real_2023,2023-07-03,-1.29
hub_real_2023,2023-07-10,3.27
hub_real_2023,2023-07-17,-1.32
hub_real_2023,2023-07-24,-2.43
hub_real_2023,2023-07-31,3.04
hub_real_2023,2023-08-07,19.07
hub_real_2023,2023-08-14,15.88
hub_real_2023,2023-08-21,9.3
hub_real_2023,2023-08-28,14.74
hub_real_2023,2023-09-04,9.68
hub_real_2023,2023-09-11,7.27
hub_real_2023,2023-09-18,13.41
hub_real_2023,2023-09-25,8.2
hub_real_2023,2023-10-02,9.8
hub_real_2023,2023-10-09,14.66
hub_real_2023,2023-10-16,18.14
hub_real_2023,2023-10-23,6.14
hub_real_2023,2023-10-30,3.27
hub_real_2023,2023-11-06,-1.82
hub_real_2023,2023-11-13,-6.64
hub_real_2023,2023-11-20,6.85
hub_real_2023,2023-11-27,8.02
hub_real_2023,2023-12-04,10.19
hub_real_2023,2023-12-11,-12.33
hub_real_2023,2023-12-18,-5.69
hub_real_2023,2023-12-25,-3.56
hub_real_2023,2024-01-01,4.75
hub_real_2023,2024-01-08,8.73
hub_real_2023,2024-01-15,-3.47
hub_real_2023,2024-01-22,-4.4
hub_real_2023,2024-01-29,3.88
hub_real_2023,2024-02-05,-4.93
hub_real_2023,2024-02-12,0.29
hub_real_2023,2024-02-19,-3.06
hub_real_2023,2024-02-26,3.26
hub_real_2023,2024-03-04,16.7
hub_real_2023,2024-03-11,15.85
hub_real_2023,2024-03-18,0.51
hub_real_2023,2024-03-25,6.26
hub_real_2023,2024-04-01,7.2
hub_real_2023,2024-04-08,10.64
hub_real_2023,2024-04-15,-12.2
hub_real_2023,2024-04-22,1.29
hub_real_2023,2024-04-29,5.07
hub_placebo_in_time_2021,2017-01-02,-10.17
hub_placebo_in_time_2021,2017-01-09,-17.01
hub_placebo_in_time_2021,2017-01-16,-14.76
hub_placebo_in_time_2021,2017-01-23,-18.8
hub_placebo_in_time_2021,2017-01-30,-23.91
hub_placebo_in_time_2021,2017-02-06,-26.72
hub_placebo_in_time_2021,2017-02-13,-25.51
hub_placebo_in_time_2021,2017-02-20,-25.25
hub_placebo_in_time_2021,2017-02-27,-22.62
hub_placebo_in_time_2021,2017-03-06,-20.25
hub_placebo_in_time_2021,2017-03-13,-19.3
hub_placebo_in_time_2021,2017-03-20,-13.38
hub_placebo_in_time_2021,2017-03-27,-16.19
hub_placebo_in_time_2021,2017-04-03,-17.86
hub_placebo_in_time_2021,2017-04-10,-13.3
hub_placebo_in_time_2021,2017-04-17,-14.55
hub_placebo_in_time_2021,2017-04-24,-20.6
hub_placebo_in_time_2021,2017-05-01,-23.6
hub_placebo_in_time_2021,2017-05-08,-20.05
hub_placebo_in_time_2021,2017-05-15,-19.24
hub_placebo_in_time_2021,2017-05-22,-21.02
hub_placebo_in_time_2021,2017-05-29,-26.21
hub_placebo_in_time_2021,2017-06-05,-24.24
hub_placebo_in_time_2021,2017-06-12,-22.89
hub_placebo_in_time_2021,2017-06-19,-19.28
hub_placebo_in_time_2021,2017-06-26,-18.01
hub_placebo_in_time_2021,2017-07-03,-16.84
hub_placebo_in_time_2021,2017-07-10,-17.42
hub_placebo_in_time_2021,2017-07-17,-8.73
hub_placebo_in_time_2021,2017-07-24,8.77
hub_placebo_in_time_2021,2017-07-31,0.15
hub_placebo_in_time_2021,2017-08-07,3.51
hub_placebo_in_time_2021,2017-08-14,0.92
hub_placebo_in_time_2021,2017-08-21,-5.18
hub_placebo_in_time_2021,2017-08-28,5.86
hub_placebo_in_time_2021,2017-09-04,-5.77
hub_placebo_in_time_2021,2017-09-11,-11.39
hub_placebo_in_time_2021,2017-09-18,-2.21
hub_placebo_in_time_2021,2017-09-25,-6.36
hub_placebo_in_time_2021,2017-10-02,7.82
hub_placebo_in_time_2021,2017-10-09,14.17
hub_placebo_in_time_2021,2017-10-16,4.34
hub_placebo_in_time_2021,2017-10-23,-9.22
hub_placebo_in_time_2021,2017-10-30,1.85
hub_placebo_in_time_2021,2017-11-06,-6.48
hub_placebo_in_time_2021,2017-11-13,-3.18
hub_placebo_in_time_2021,2017-11-20,-0.97
hub_placebo_in_time_2021,2017-11-27,-11.35
hub_placebo_in_time_2021,2017-12-04,-3.97
hub_placebo_in_time_2021,2017-12-11,0.4
hub_placebo_in_time_2021,2017-12-18,-3.74
hub_placebo_in_time_2021,2017-12-25,-0.85
hub_placebo_in_time_2021,2018-01-01,2.38
hub_placebo_in_time_2021,2018-01-08,-1.72
hub_placebo_in_time_2021,2018-01-15,-2.5
hub_placebo_in_time_2021,2018-01-22,10.32
hub_placebo_in_time_2021,2018-01-29,-9.03
hub_placebo_in_time_2021,2018-02-05,-1.98
hub_placebo_in_time_2021,2018-02-12,1.82
hub_placebo_in_time_2021,2018-02-19,2.55
hub_placebo_in_time_2021,2018-02-26,-8.91
hub_placebo_in_time_2021,2018-03-05,-4.52
hub_placebo_in_time_2021,2018-03-12,-8.93
hub_placebo_in_time_2021,2018-03-19,-7.61
hub_placebo_in_time_2021,2018-03-26,-8.04
hub_placebo_in_time_2021,2018-04-02,-4.42
hub_placebo_in_time_2021,2018-04-09,-5.88
hub_placebo_in_time_2021,2018-04-16,-7.82
hub_placebo_in_time_2021,2018-04-23,-6.89
hub_placebo_in_time_2021,2018-04-30,-3.57
hub_placebo_in_time_2021,2018-05-07,-3.94
hub_placebo_in_time_2021,2018-05-14,-3.68
hub_placebo_in_time_2021,2018-05-21,1.79
hub_placebo_in_time_2021,2018-05-28,-5.12
hub_placebo_in_time_2021,2018-06-04,-11.92
hub_placebo_in_time_2021,2018-06-11,-3.54
hub_placebo_in_time_2021,2018-06-18,1.82
hub_placebo_in_time_2021,2018-06-25,-1.15
hub_placebo_in_time_2021,2018-07-02,-0.57
hub_placebo_in_time_2021,2018-07-09,-2.51
hub_placebo_in_time_2021,2018-07-16,-2.62
hub_placebo_in_time_2021,2018-07-23,-5.36
hub_placebo_in_time_2021,2018-07-30,-8.79
hub_placebo_in_time_2021,2018-08-06,-9.39
hub_placebo_in_time_2021,2018-08-13,-7.28
hub_placebo_in_time_2021,2018-08-20,-9.42
hub_placebo_in_time_2021,2018-08-27,-9.93
hub_placebo_in_time_2021,2018-09-03,-10.87
hub_placebo_in_time_2021,2018-09-10,-10.04
hub_placebo_in_time_2021,2018-09-17,-13.43
hub_placebo_in_time_2021,2018-09-24,-19.19
hub_placebo_in_time_2021,2018-10-01,-11.71
hub_placebo_in_time_2021,2018-10-08,-1.06
hub_placebo_in_time_2021,2018-10-15,19.84
hub_placebo_in_time_2021,2018-10-22,-0.03
hub_placebo_in_time_2021,2018-10-29,-14.38
hub_placebo_in_time_2021,2018-11-05,-12.23
hub_placebo_in_time_2021,2018-11-12,-17.24
hub_placebo_in_time_2021,2018-11-19,-22.9
hub_placebo_in_time_2021,2018-11-26,-34.55
hub_placebo_in_time_2021,2018-12-03,-25.27
hub_placebo_in_time_2021,2018-12-10,-28.18
hub_placebo_in_time_2021,2018-12-17,-31.0
hub_placebo_in_time_2021,2018-12-24,-34.67
hub_placebo_in_time_2021,2018-12-31,-21.65
hub_placebo_in_time_2021,2019-01-07,-17.35
hub_placebo_in_time_2021,2019-01-14,-14.84
hub_placebo_in_time_2021,2019-01-21,-18.71
hub_placebo_in_time_2021,2019-01-28,-15.14
hub_placebo_in_time_2021,2019-02-04,-16.27
hub_placebo_in_time_2021,2019-02-11,-21.56
hub_placebo_in_time_2021,2019-02-18,-21.4
hub_placebo_in_time_2021,2019-02-25,-16.39
hub_placebo_in_time_2021,2019-03-04,1.47
hub_placebo_in_time_2021,2019-03-11,-3.21
hub_placebo_in_time_2021,2019-03-18,-0.99
hub_placebo_in_time_2021,2019-03-25,4.5
hub_placebo_in_time_2021,2019-04-01,4.24
hub_placebo_in_time_2021,2019-04-08,12.05
hub_placebo_in_time_2021,2019-04-15,17.78
hub_placebo_in_time_2021,2019-04-22,6.26
hub_placebo_in_time_2021,2019-04-29,-4.73
hub_placebo_in_time_2021,2019-05-06,2.16
hub_placebo_in_time_2021,2019-05-13,1.63
hub_placebo_in_time_2021,2019-05-20,2.23
hub_placebo_in_time_2021,2019-05-27,-0.37
hub_placebo_in_time_2021,2019-06-03,-4.47
hub_placebo_in_time_2021,2019-06-10,-4.35
hub_placebo_in_time_2021,2019-06-17,-0.74
hub_placebo_in_time_2021,2019-06-24,-1.36
hub_placebo_in_time_2021,2019-07-01,-0.27
hub_placebo_in_time_2021,2019-07-08,-0.82
hub_placebo_in_time_2021,2019-07-15,-5.55
hub_placebo_in_time_2021,2019-07-22,-6.06
hub_placebo_in_time_2021,2019-07-29,-5.06
hub_placebo_in_time_2021,2019-08-05,-5.91
hub_placebo_in_time_2021,2019-08-12,-9.8
hub_placebo_in_time_2021,2019-08-19,-1.07
hub_placebo_in_time_2021,2019-08-26,1.42
hub_placebo_in_time_2021,2019-09-02,0.84
hub_placebo_in_time_2021,2019-09-09,5.68
hub_placebo_in_time_2021,2019-09-16,9.68
hub_placebo_in_time_2021,2019-09-23,8.16
hub_placebo_in_time_2021,2019-09-30,4.36
hub_placebo_in_time_2021,2019-10-07,11.26
hub_placebo_in_time_2021,2019-10-14,-0.48
hub_placebo_in_time_2021,2019-10-21,22.82
hub_placebo_in_time_2021,2019-10-28,19.03
hub_placebo_in_time_2021,2019-11-04,15.13
hub_placebo_in_time_2021,2019-11-11,9.55
hub_placebo_in_time_2021,2019-11-18,20.4
hub_placebo_in_time_2021,2019-11-25,8.03
hub_placebo_in_time_2021,2019-12-02,6.82
hub_placebo_in_time_2021,2019-12-09,-5.98
hub_placebo_in_time_2021,2019-12-16,2.66
hub_placebo_in_time_2021,2019-12-23,15.16
hub_placebo_in_time_2021,2019-12-30,-3.51
hub_placebo_in_time_2021,2020-01-06,-5.36
hub_placebo_in_time_2021,2020-01-13,-5.43
hub_placebo_in_time_2021,2020-01-20,5.65
hub_placebo_in_time_2021,2020-01-27,4.0
hub_placebo_in_time_2021,2020-02-03,-5.18
hub_placebo_in_time_2021,2020-02-10,-2.03
hub_placebo_in_time_2021,2020-02-17,0.25
hub_placebo_in_time_2021,2020-02-24,-2.02
hub_placebo_in_time_2021,2020-03-02,-1.77
hub_placebo_in_time_2021,2020-03-09,-5.32
hub_placebo_in_time_2021,2020-03-16,-15.65
hub_placebo_in_time_2021,2020-03-23,-20.41
hub_placebo_in_time_2021,2020-03-30,-15.4
hub_placebo_in_time_2021,2020-04-06,-11.81
hub_placebo_in_time_2021,2020-04-13,-15.84
hub_placebo_in_time_2021,2020-04-20,-16.24
hub_placebo_in_time_2021,2020-04-27,-13.24
hub_placebo_in_time_2021,2020-05-04,-16.14
hub_placebo_in_time_2021,2020-05-11,-17.1
hub_placebo_in_time_2021,2020-05-18,-14.12
hub_placebo_in_time_2021,2020-05-25,-4.18
hub_placebo_in_time_2021,2020-06-01,-0.8
hub_placebo_in_time_2021,2020-06-08,9.71
hub_placebo_in_time_2021,2020-06-15,-6.3
hub_placebo_in_time_2021,2020-06-22,-1.41
hub_placebo_in_time_2021,2020-06-29,-6.35
hub_placebo_in_time_2021,2020-07-06,-11.74
hub_placebo_in_time_2021,2020-07-13,-10.79
hub_placebo_in_time_2021,2020-07-20,-13.51
hub_placebo_in_time_2021,2020-07-27,-12.73
hub_placebo_in_time_2021,2020-08-03,-10.94
hub_placebo_in_time_2021,2020-08-10,-0.55
hub_placebo_in_time_2021,2020-08-17,19.68
hub_placebo_in_time_2021,2020-08-24,10.55
hub_placebo_in_time_2021,2020-08-31,26.16
hub_placebo_in_time_2021,2020-09-07,25.31
hub_placebo_in_time_2021,2020-09-14,21.18
hub_placebo_in_time_2021,2020-09-21,17.44
hub_placebo_in_time_2021,2020-09-28,7.72
hub_placebo_in_time_2021,2020-10-05,12.46
hub_placebo_in_time_2021,2020-10-12,10.71
hub_placebo_in_time_2021,2020-10-19,2.87
hub_placebo_in_time_2021,2020-10-26,5.78
hub_placebo_in_time_2021,2020-11-02,-7.83
hub_placebo_in_time_2021,2020-11-09,-5.74
hub_placebo_in_time_2021,2020-11-16,-5.1
hub_placebo_in_time_2021,2020-11-23,-7.66
hub_placebo_in_time_2021,2020-11-30,-13.87
hub_placebo_in_time_2021,2020-12-07,-1.67
hub_placebo_in_time_2021,2020-12-14,-17.86
hub_placebo_in_time_2021,2020-12-21,-17.01
hub_placebo_in_time_2021,2020-12-28,-15.17
hub_placebo_in_time_2021,2021-01-04,-2.26
hub_placebo_in_time_2021,2021-01-11,-7.04
hub_placebo_in_time_2021,2021-01-18,-2.44
hub_placebo_in_time_2021,2021-01-25,7.47
hub_placebo_in_time_2021,2021-02-01,3.84
hub_placebo_in_time_2021,2021-02-08,5.83
hub_placebo_in_time_2021,2021-02-15,6.29
hub_placebo_in_time_2021,2021-02-22,0.77
hub_placebo_in_time_2021,2021-03-01,-8.26
hub_placebo_in_time_2021,2021-03-08,-12.51
hub_placebo_in_time_2021,2021-03-15,-9.26
hub_placebo_in_time_2021,2021-03-22,-16.41
hub_placebo_in_time_2021,2021-03-29,-15.28
hub_placebo_in_time_2021,2021-04-05,-8.76
hub_placebo_in_time_2021,2021-04-12,-1.91
hub_placebo_in_time_2021,2021-04-19,8.66
hub_placebo_in_time_2021,2021-04-26,15.48
hub_placebo_in_time_2021,2021-05-03,7.44
hub_placebo_in_time_2021,2021-05-10,16.0
hub_placebo_in_time_2021,2021-05-17,8.99
hub_placebo_in_time_2021,2021-05-24,12.47
hub_placebo_in_time_2021,2021-05-31,15.91
hub_placebo_in_time_2021,2021-06-07,8.18
hub_placebo_in_time_2021,2021-06-14,8.35
hub_placebo_in_time_2021,2021-06-21,4.34
hub_placebo_in_time_2021,2021-06-28,2.04
hub_placebo_in_time_2021,2021-07-05,-0.7
hub_placebo_in_time_2021,2021-07-12,-6.45
hub_placebo_in_time_2021,2021-07-19,-1.58
hub_placebo_in_time_2021,2021-07-26,3.43
hub_placebo_in_time_2021,2021-08-02,-0.66
hub_placebo_in_time_2021,2021-08-09,4.23
hub_placebo_in_time_2021,2021-08-16,4.05
hub_placebo_in_time_2021,2021-08-23,-2.82
hub_placebo_in_time_2021,2021-08-30,1.98
hub_placebo_in_time_2021,2021-09-06,-0.32
hub_placebo_in_time_2021,2021-09-13,-0.1
hub_placebo_in_time_2021,2021-09-20,14.58
hub_placebo_in_time_2021,2021-09-27,20.52
hub_placebo_in_time_2021,2021-10-04,21.56
hub_placebo_in_time_2021,2021-10-11,12.78
hub_placebo_in_time_2021,2021-10-18,7.45
hub_placebo_in_time_2021,2021-10-25,10.75
hub_placebo_in_time_2021,2021-11-01,9.04
hub_placebo_in_time_2021,2021-11-08,-5.92
hub_placebo_in_time_2021,2021-11-15,-6.13
hub_placebo_in_time_2021,2021-11-22,-2.13
hub_placebo_in_time_2021,2021-11-29,3.01
hub_placebo_in_time_2021,2021-12-06,2.96
hub_placebo_in_time_2021,2021-12-13,0.63
hub_placebo_in_time_2021,2021-12-20,-6.23
hub_placebo_in_time_2021,2021-12-27,-8.12
hub_placebo_in_time_2021,2022-01-03,-2.17
hub_placebo_in_time_2021,2022-01-10,-4.34
hub_placebo_in_time_2021,2022-01-17,1.03
hub_placebo_in_time_2021,2022-01-24,-1.23
hub_placebo_in_time_2021,2022-01-31,6.17
hub_placebo_in_time_2021,2022-02-07,5.91
hub_placebo_in_time_2021,2022-02-14,0.64
hub_placebo_in_time_2021,2022-02-21,0.33
hub_placebo_in_time_2021,2022-02-28,1.16
hub_placebo_in_time_2021,2022-03-07,-9.87
hub_placebo_in_time_2021,2022-03-14,-11.74
hub_placebo_in_time_2021,2022-03-21,-20.93
hub_placebo_in_time_2021,2022-03-28,-15.51
hub_placebo_in_time_2021,2022-04-04,-12.85
hub_placebo_in_time_2021,2022-04-11,-5.3
hub_placebo_in_time_2021,2022-04-18,-5.56
hub_placebo_in_time_2021,2022-04-25,-6.88
hub_placebo_in_time_2021,2022-05-02,-10.32
