crop,market,out_sig,out_n,in_sig,in_n,out_rate,in_rate,net_score,period
tomato,Kolar APMC,30,32,6,32,0.9375,0.1875,0.75,full_sample
tomato,Chintamani APMC,30,32,12,32,0.9375,0.375,0.5625,full_sample
tomato,Bowenpally APMC,27,32,16,32,0.84375,0.5,0.34375,full_sample
tomato,Gudimalkapur APMC,27,32,16,32,0.84375,0.5,0.34375,full_sample
tomato,Mulbagal APMC,24,32,15,32,0.75,0.46875,0.28125,full_sample
tomato,"Fruit&Vegetable Market,Gazipur APMC",1,28,0,28,0.03571428571428571,0.0,0.03571428571428571,full_sample
tomato,Surat APMC,24,32,23,32,0.75,0.71875,0.03125,full_sample
tomato,Ahmedabad APMC,23,32,22,32,0.71875,0.6875,0.03125,full_sample
tomato,Mulakalacheruvu APMC,15,30,16,30,0.5,0.5333333333333333,-0.033333333333333326,full_sample
tomato,Sangamner APMC,24,32,26,32,0.75,0.8125,-0.0625,full_sample
tomato,Pimpalgaon Baswant APMC,17,32,22,32,0.53125,0.6875,-0.15625,full_sample
tomato,Junnar(Narayangaon) APMC,23,32,28,32,0.71875,0.875,-0.15625,full_sample
tomato,Vadodara(Sayajipura) APMC,20,32,28,32,0.625,0.875,-0.25,full_sample
tomato,Pune APMC,19,32,28,32,0.59375,0.875,-0.28125,full_sample
tomato,Tiphra APMC,16,32,26,32,0.5,0.8125,-0.3125,full_sample
tomato,APMC Shahdara,10,30,27,30,0.3333333333333333,0.9,-0.5666666666666667,full_sample
tomato,APMC Azadpur,12,32,31,32,0.375,0.96875,-0.59375,full_sample
tomato,Chintamani APMC,26,30,4,30,0.8666666666666667,0.13333333333333333,0.7333333333333334,early
tomato,Kolar APMC,22,30,4,30,0.7333333333333333,0.13333333333333333,0.6,early
tomato,Bowenpally APMC,24,30,7,30,0.8,0.23333333333333334,0.5666666666666667,early
tomato,Ahmedabad APMC,21,30,8,30,0.7,0.26666666666666666,0.4333333333333333,early
tomato,Vadodara(Sayajipura) APMC,24,30,14,30,0.8,0.4666666666666667,0.33333333333333337,early
tomato,Mulbagal APMC,16,30,7,30,0.5333333333333333,0.23333333333333334,0.3,early
tomato,Gudimalkapur APMC,22,30,14,30,0.7333333333333333,0.4666666666666667,0.2666666666666666,early
tomato,Surat APMC,19,30,15,30,0.6333333333333333,0.5,0.1333333333333333,early
tomato,Mulakalacheruvu APMC,11,30,16,30,0.36666666666666664,0.5333333333333333,-0.16666666666666669,early
tomato,Tiphra APMC,11,30,16,30,0.36666666666666664,0.5333333333333333,-0.16666666666666669,early
tomato,Pimpalgaon Baswant APMC,9,30,15,30,0.3,0.5,-0.2,early
tomato,Pune APMC,12,30,23,30,0.4,0.7666666666666667,-0.3666666666666667,early
tomato,Junnar(Narayangaon) APMC,14,30,29,30,0.4666666666666667,0.9666666666666667,-0.5,early
tomato,Sangamner APMC,9,30,27,30,0.3,0.9,-0.6000000000000001,early
tomato,APMC Azadpur,9,30,29,30,0.3,0.9666666666666667,-0.6666666666666667,early
tomato,APMC Shahdara,7,30,28,30,0.23333333333333334,0.9333333333333333,-0.7,early
tomato,Kolar APMC,29,32,4,32,0.90625,0.125,0.78125,late
tomato,Bowenpally APMC,27,32,6,32,0.84375,0.1875,0.65625,late
tomato,Chintamani APMC,25,32,10,32,0.78125,0.3125,0.46875,late
tomato,Gudimalkapur APMC,25,32,11,32,0.78125,0.34375,0.4375,late
tomato,Mulbagal APMC,21,32,9,32,0.65625,0.28125,0.375,late
tomato,Sangamner APMC,22,32,11,32,0.6875,0.34375,0.34375,late
tomato,Junnar(Narayangaon) APMC,20,32,14,32,0.625,0.4375,0.1875,late
tomato,Pimpalgaon Baswant APMC,18,32,13,32,0.5625,0.40625,0.15625,late
tomato,"Fruit&Vegetable Market,Gazipur APMC",1,28,0,28,0.03571428571428571,0.0,0.03571428571428571,late
tomato,Mulakalacheruvu APMC,6,30,10,30,0.2,0.3333333333333333,-0.1333333333333333,late
tomato,Surat APMC,12,32,18,32,0.375,0.5625,-0.1875,late
tomato,Ahmedabad APMC,11,32,18,32,0.34375,0.5625,-0.21875,late
tomato,Tiphra APMC,10,32,24,32,0.3125,0.75,-0.4375,late
tomato,Pune APMC,10,32,24,32,0.3125,0.75,-0.4375,late
tomato,Vadodara(Sayajipura) APMC,7,32,27,32,0.21875,0.84375,-0.625,late
tomato,APMC Shahdara,5,30,25,30,0.16666666666666666,0.8333333333333334,-0.6666666666666667,late
tomato,APMC Azadpur,5,32,30,32,0.15625,0.9375,-0.78125,late
onion,Chandvad APMC,32,38,5,38,0.8421052631578947,0.13157894736842105,0.7105263157894737,full_sample
onion,Pimpalgaon APMC,32,38,6,38,0.8421052631578947,0.15789473684210525,0.6842105263157894,full_sample
onion,Yeola APMC,28,38,3,38,0.7368421052631579,0.07894736842105263,0.6578947368421052,full_sample
onion,Lasalgaon(Vinchur) APMC,25,38,6,38,0.6578947368421053,0.15789473684210525,0.5,full_sample
onion,Lasalgaon APMC,26,38,10,38,0.6842105263157895,0.2631578947368421,0.4210526315789474,full_sample
onion,Newasa(Ghodegaon) APMC,21,38,13,38,0.5526315789473685,0.34210526315789475,0.21052631578947373,full_sample
onion,Shajapur APMC,12,38,6,38,0.3157894736842105,0.15789473684210525,0.15789473684210525,full_sample
onion,Umrane APMC,16,38,13,38,0.42105263157894735,0.34210526315789475,0.0789473684210526,full_sample
onion,Mahboob Manison APMC,2,38,2,38,0.05263157894736842,0.05263157894736842,0.0,full_sample
onion,Ahilyanagar APMC,17,38,18,38,0.4473684210526316,0.47368421052631576,-0.02631578947368418,full_sample
onion,Indore APMC,6,38,9,38,0.15789473684210525,0.23684210526315788,-0.07894736842105263,full_sample
onion,Mumbai-Onion & Potato Market APMC,19,38,22,38,0.5,0.5789473684210527,-0.07894736842105265,full_sample
onion,Solapur APMC,14,38,19,38,0.3684210526315789,0.5,-0.13157894736842107,full_sample
onion,Pune APMC,17,38,24,38,0.4473684210526316,0.631578947368421,-0.18421052631578944,full_sample
onion,Kanpur(Grain) APMC,2,38,12,38,0.05263157894736842,0.3157894736842105,-0.2631578947368421,full_sample
onion,Indore(F&V) APMC,8,38,23,38,0.21052631578947367,0.6052631578947368,-0.39473684210526316,full_sample
onion,Ahmedabad(Chimanbhai Patal Market Vasana) APMC,10,38,27,38,0.2631578947368421,0.7105263157894737,-0.4473684210526316,full_sample
onion,Mahuva(Station Road) APMC,7,38,26,38,0.18421052631578946,0.6842105263157895,-0.5,full_sample
onion,Bangalore APMC,5,38,28,38,0.13157894736842105,0.7368421052631579,-0.6052631578947368,full_sample
onion,Azadpur APMC,5,38,32,38,0.13157894736842105,0.8421052631578947,-0.7105263157894737,full_sample
onion,Yeola APMC,26,30,1,30,0.8666666666666667,0.03333333333333333,0.8333333333333334,early
onion,Chandvad APMC,22,30,3,30,0.7333333333333333,0.1,0.6333333333333333,early
onion,Lasalgaon(Vinchur) APMC,18,28,2,28,0.6428571428571429,0.07142857142857142,0.5714285714285715,early
onion,Pimpalgaon APMC,19,30,10,30,0.6333333333333333,0.3333333333333333,0.3,early
onion,Mumbai-Onion & Potato Market APMC,18,30,15,30,0.6,0.5,0.09999999999999998,early
onion,Umrane APMC,8,28,6,28,0.2857142857142857,0.21428571428571427,0.07142857142857142,early
onion,Newasa(Ghodegaon) APMC,13,30,11,30,0.43333333333333335,0.36666666666666664,0.06666666666666671,early
onion,Lasalgaon APMC,13,30,12,30,0.43333333333333335,0.4,0.033333333333333326,early
onion,Indore(F&V) APMC,13,30,13,30,0.43333333333333335,0.43333333333333335,0.0,early
onion,Bangalore APMC,10,30,15,30,0.3333333333333333,0.5,-0.16666666666666669,early
onion,Mahuva(Station Road) APMC,12,30,18,30,0.4,0.6,-0.19999999999999996,early
onion,Solapur APMC,10,30,17,30,0.3333333333333333,0.5666666666666667,-0.23333333333333334,early
onion,Ahmedabad(Chimanbhai Patal Market Vasana) APMC,4,26,11,26,0.15384615384615385,0.4230769230769231,-0.2692307692307692,early
onion,Pune APMC,10,30,19,30,0.3333333333333333,0.6333333333333333,-0.3,early
onion,Ahilyanagar APMC,4,30,20,30,0.13333333333333333,0.6666666666666666,-0.5333333333333333,early
onion,Azadpur APMC,1,30,28,30,0.03333333333333333,0.9333333333333333,-0.9,early
onion,Pimpalgaon APMC,28,38,1,38,0.7368421052631579,0.02631578947368421,0.7105263157894737,late
onion,Lasalgaon APMC,27,38,4,38,0.7105263157894737,0.10526315789473684,0.6052631578947368,late
onion,Lasalgaon(Vinchur) APMC,26,38,7,38,0.6842105263157895,0.18421052631578946,0.5,late
onion,Ahilyanagar APMC,22,38,5,38,0.5789473684210527,0.13157894736842105,0.44736842105263164,late
onion,Yeola APMC,22,38,6,38,0.5789473684210527,0.15789473684210525,0.4210526315789474,late
onion,Chandvad APMC,29,38,13,38,0.7631578947368421,0.34210526315789475,0.4210526315789474,late
onion,Shajapur APMC,13,38,6,38,0.34210526315789475,0.15789473684210525,0.1842105263157895,late
onion,Umrane APMC,16,38,12,38,0.42105263157894735,0.3157894736842105,0.10526315789473684,late
onion,Mahboob Manison APMC,3,38,1,38,0.07894736842105263,0.02631578947368421,0.05263157894736842,late
onion,Newasa(Ghodegaon) APMC,16,38,16,38,0.42105263157894735,0.42105263157894735,0.0,late
onion,Indore APMC,7,38,10,38,0.18421052631578946,0.2631578947368421,-0.07894736842105263,late
onion,Solapur APMC,12,38,15,38,0.3157894736842105,0.39473684210526316,-0.07894736842105265,late
onion,Mumbai-Onion & Potato Market APMC,15,38,20,38,0.39473684210526316,0.5263157894736842,-0.13157894736842102,late
onion,Kanpur(Grain) APMC,2,38,11,38,0.05263157894736842,0.2894736842105263,-0.2368421052631579,late
onion,Pune APMC,11,38,26,38,0.2894736842105263,0.6842105263157895,-0.39473684210526316,late
onion,Indore(F&V) APMC,7,38,23,38,0.18421052631578946,0.6052631578947368,-0.42105263157894735,late
onion,Ahmedabad(Chimanbhai Patal Market Vasana) APMC,10,38,27,38,0.2631578947368421,0.7105263157894737,-0.4473684210526316,late
onion,Mahuva(Station Road) APMC,8,38,25,38,0.21052631578947367,0.6578947368421053,-0.44736842105263164,late
onion,Azadpur APMC,1,38,21,38,0.02631578947368421,0.5526315789473685,-0.5263157894736843,late
onion,Bangalore APMC,2,38,28,38,0.05263157894736842,0.7368421052631579,-0.6842105263157894,late
potato,Chakdah APMC,38,38,18,38,1.0,0.47368421052631576,0.5263157894736843,full_sample
potato,Katwa APMC,37,38,18,38,0.9736842105263158,0.47368421052631576,0.5,full_sample
potato,Purulia APMC,38,38,19,38,1.0,0.5,0.5,full_sample
potato,Barasat APMC,34,38,18,38,0.8947368421052632,0.47368421052631576,0.4210526315789474,full_sample
potato,Habra APMC,34,38,18,38,0.8947368421052632,0.47368421052631576,0.4210526315789474,full_sample
potato,Champadanga APMC,38,38,22,38,1.0,0.5789473684210527,0.42105263157894735,full_sample
potato,Burdwan APMC,31,38,20,38,0.8157894736842105,0.5263157894736842,0.2894736842105263,full_sample
potato,Guskara APMC,31,38,22,38,0.8157894736842105,0.5789473684210527,0.23684210526315785,full_sample
potato,Bolpur APMC,27,38,24,38,0.7105263157894737,0.631578947368421,0.07894736842105265,full_sample
potato,Rampurhat APMC,30,38,28,38,0.7894736842105263,0.7368421052631579,0.052631578947368474,full_sample
potato,Ghatal APMC,27,38,32,38,0.7105263157894737,0.8421052631578947,-0.13157894736842102,full_sample
potato,Sainthia APMC,25,38,31,38,0.6578947368421053,0.8157894736842105,-0.1578947368421052,full_sample
potato,Siliguri APMC,27,38,33,38,0.7105263157894737,0.868421052631579,-0.1578947368421053,full_sample
potato,Birbhum APMC,21,38,29,38,0.5526315789473685,0.7631578947368421,-0.21052631578947367,full_sample
potato,Durgapur APMC,25,38,33,38,0.6578947368421053,0.868421052631579,-0.21052631578947367,full_sample
potato,Jangipur APMC,25,38,34,38,0.6578947368421053,0.8947368421052632,-0.23684210526315785,full_sample
potato,Asansol APMC,24,38,34,38,0.631578947368421,0.8947368421052632,-0.26315789473684215,full_sample
potato,Baxirhat APMC,19,38,35,38,0.5,0.9210526315789473,-0.42105263157894735,full_sample
potato,Dehradoon APMC,7,38,37,38,0.18421052631578946,0.9736842105263158,-0.7894736842105263,full_sample
potato,Haldwani APMC,5,38,38,38,0.13157894736842105,1.0,-0.868421052631579,full_sample
potato,Habra APMC,35,38,10,38,0.9210526315789473,0.2631578947368421,0.6578947368421053,early
potato,Champadanga APMC,33,38,11,38,0.868421052631579,0.2894736842105263,0.5789473684210527,early
potato,Purulia APMC,33,38,15,38,0.868421052631579,0.39473684210526316,0.4736842105263158,early
potato,Dehradoon APMC,16,38,4,38,0.42105263157894735,0.10526315789473684,0.3157894736842105,early
potato,Chakdah APMC,30,38,19,38,0.7894736842105263,0.5,0.2894736842105263,early
potato,Ghatal APMC,29,38,19,38,0.7631578947368421,0.5,0.26315789473684215,early
potato,Katwa APMC,23,38,16,38,0.6052631578947368,0.42105263157894735,0.1842105263157895,early
potato,Burdwan APMC,19,38,19,38,0.5,0.5,0.0,early
potato,Rampurhat APMC,21,38,24,38,0.5526315789473685,0.631578947368421,-0.07894736842105254,early
potato,Sainthia APMC,20,38,24,38,0.5263157894736842,0.631578947368421,-0.10526315789473684,early
potato,Birbhum APMC,17,38,21,38,0.4473684210526316,0.5526315789473685,-0.10526315789473689,early
potato,Guskara APMC,19,38,25,38,0.5,0.6578947368421053,-0.1578947368421053,early
potato,Baxirhat APMC,19,38,25,38,0.5,0.6578947368421053,-0.1578947368421053,early
potato,Barasat APMC,20,38,26,38,0.5263157894736842,0.6842105263157895,-0.1578947368421053,early
potato,Jangipur APMC,20,38,29,38,0.5263157894736842,0.7631578947368421,-0.23684210526315796,early
potato,Siliguri APMC,4,38,15,38,0.10526315789473684,0.39473684210526316,-0.2894736842105263,early
potato,Durgapur APMC,16,38,27,38,0.42105263157894735,0.7105263157894737,-0.2894736842105263,early
potato,Asansol APMC,18,38,29,38,0.47368421052631576,0.7631578947368421,-0.2894736842105264,early
potato,Haldwani APMC,1,38,13,38,0.02631578947368421,0.34210526315789475,-0.3157894736842105,early
potato,Bolpur APMC,10,38,32,38,0.2631578947368421,0.8421052631578947,-0.5789473684210527,early
potato,Chakdah APMC,33,38,10,38,0.868421052631579,0.2631578947368421,0.605263157894737,late
potato,Champadanga APMC,34,38,13,38,0.8947368421052632,0.34210526315789475,0.5526315789473684,late
potato,Katwa APMC,31,38,19,38,0.8157894736842105,0.5,0.3157894736842105,late
potato,Purulia APMC,32,38,21,38,0.8421052631578947,0.5526315789473685,0.2894736842105262,late
potato,Rampurhat APMC,31,38,25,38,0.8157894736842105,0.6578947368421053,0.1578947368421052,late
potato,Habra APMC,27,38,21,38,0.7105263157894737,0.5526315789473685,0.1578947368421052,late
potato,Sainthia APMC,29,38,24,38,0.7631578947368421,0.631578947368421,0.13157894736842113,late
potato,Durgapur APMC,25,38,22,38,0.6578947368421053,0.5789473684210527,0.07894736842105265,late
potato,Barasat APMC,25,38,23,38,0.6578947368421053,0.6052631578947368,0.052631578947368474,late
potato,Burdwan APMC,21,38,21,38,0.5526315789473685,0.5526315789473685,0.0,late
potato,Siliguri APMC,25,38,28,38,0.6578947368421053,0.7368421052631579,-0.07894736842105254,late
potato,Haldwani APMC,8,38,12,38,0.21052631578947367,0.3157894736842105,-0.10526315789473684,late
potato,Guskara APMC,17,38,21,38,0.4473684210526316,0.5526315789473685,-0.10526315789473689,late
potato,Asansol APMC,20,38,25,38,0.5263157894736842,0.6578947368421053,-0.13157894736842113,late
potato,Dehradoon APMC,2,38,8,38,0.05263157894736842,0.21052631578947367,-0.15789473684210525,late
potato,Bolpur APMC,20,38,28,38,0.5263157894736842,0.7368421052631579,-0.21052631578947367,late
potato,Jangipur APMC,23,38,33,38,0.6052631578947368,0.868421052631579,-0.26315789473684215,late
potato,Birbhum APMC,16,38,30,38,0.42105263157894735,0.7894736842105263,-0.368421052631579,late
potato,Baxirhat APMC,12,38,27,38,0.3157894736842105,0.7105263157894737,-0.39473684210526316,late
potato,Ghatal APMC,15,38,35,38,0.39473684210526316,0.9210526315789473,-0.5263157894736842,late
