crop,week_start,label,episode,score_fullsample,score_heldout
tomato,2018-01-01,0,,1.4601614653264238e-05,
tomato,2018-01-08,0,,2.529608595429537e-05,
tomato,2018-01-15,0,,2.372571733476663e-05,
tomato,2018-01-22,0,,5.332009004004503e-05,
tomato,2018-01-29,0,,1.8849994476776446e-05,
tomato,2018-02-05,0,,0.0001280214538663081,
tomato,2018-02-12,0,,5.052480361997805e-05,
tomato,2018-02-19,0,,0.0003705819934897437,
tomato,2018-02-26,0,,5.121058725696687e-05,
tomato,2018-03-05,0,,0.0007013143761894358,
tomato,2018-03-12,0,,0.00023355095501514147,
tomato,2018-03-19,0,,0.00024509419941904975,
tomato,2018-03-26,0,,0.002243682150554091,
tomato,2018-04-02,0,,0.0020811405696752163,
tomato,2018-04-09,0,,0.005811682994978621,
tomato,2018-04-16,0,,0.002817841370253202,
tomato,2018-04-23,0,,0.01690528838716137,
tomato,2018-04-30,0,,0.003839290829786336,
tomato,2018-05-07,0,,0.0022455651426263683,
tomato,2018-05-14,0,,0.0012085538709134145,
tomato,2018-05-21,0,,0.13853468259214952,
tomato,2018-05-28,0,,0.2020652080744709,
tomato,2018-06-04,0,,0.42542369576252054,
tomato,2018-06-11,0,,0.661340284569359,
tomato,2018-06-18,0,,0.21090745833632174,
tomato,2018-06-25,0,,0.0005690748128487221,
tomato,2018-07-02,0,,0.0006721365551515724,
tomato,2018-07-09,0,,0.0005885258050288709,
tomato,2018-07-16,0,,0.0008164246719485285,
tomato,2018-07-23,0,,0.0006034639754528035,
tomato,2018-07-30,0,,0.002272623088388992,
tomato,2018-08-06,0,,0.0002422417670668496,
tomato,2018-08-13,0,,0.001600047458178567,
tomato,2018-08-20,0,,0.003155700325260271,
tomato,2018-08-27,0,,0.0013458801379258715,
tomato,2018-09-03,0,,0.001309606638661471,
tomato,2018-09-10,0,,0.00013532013023441673,
tomato,2018-09-17,0,,0.0009177265458604596,
tomato,2018-09-24,0,,0.002311925801589816,
tomato,2018-10-01,0,,0.0018185006172893132,
tomato,2018-10-08,0,,0.010865774238072392,
tomato,2018-10-15,0,,0.003970752020440933,
tomato,2018-10-22,0,,0.00930326537677509,
tomato,2018-10-29,0,,0.0007816269351327086,
tomato,2018-11-05,0,,0.00046720834689916753,
tomato,2018-11-12,0,,6.914403054410287e-05,
tomato,2018-11-19,0,,6.914403054410287e-05,
tomato,2018-11-26,0,,6.426981409253835e-05,
tomato,2018-12-03,0,,0.00017424598705824033,
tomato,2018-12-10,0,,3.778696546887305e-05,
tomato,2018-12-17,0,,3.70296458091215e-05,
tomato,2018-12-24,0,,5.870195996085228e-05,
tomato,2018-12-31,0,,0.00012670312747821666,
tomato,2019-01-07,0,,8.666477054044961e-05,
tomato,2019-01-14,0,,0.00016073547612025687,
tomato,2019-01-21,0,,2.241813935505333e-05,
tomato,2019-01-28,0,,5.526920824503912e-05,
tomato,2019-02-04,0,,3.872960653951018e-05,
tomato,2019-02-11,0,,3.107350352670833e-05,
tomato,2019-02-18,0,,4.1318201997063105e-05,
tomato,2019-02-25,0,,3.9264800167687425e-06,
tomato,2019-03-04,0,,1.0317698489409632e-05,
tomato,2019-03-11,0,,4.364185235278193e-05,
tomato,2019-03-18,0,,0.00013295776948485114,
tomato,2019-03-25,0,,0.0008513859502686801,
tomato,2019-04-01,0,,0.0020186627691934425,
tomato,2019-04-08,0,,7.997398120646386e-05,
tomato,2019-04-15,0,,8.915124498389042e-05,
tomato,2019-04-22,0,,2.1588046734720024e-05,
tomato,2019-04-29,0,,0.00010954711317282033,
tomato,2019-05-06,0,,0.002284017245779786,
tomato,2019-05-13,0,,0.00013133309080669574,
tomato,2019-05-20,0,,0.006604490740295672,
tomato,2019-05-27,0,,0.02939091708019387,
tomato,2019-06-03,0,,0.014604597162950327,
tomato,2019-06-10,0,,0.0007844288425684855,
tomato,2019-06-17,0,,0.000534202939904783,
tomato,2019-06-24,0,,0.01981415243538831,
tomato,2019-07-01,0,,0.007205002780364185,
tomato,2019-07-08,0,,0.006097843002185893,
tomato,2019-07-15,0,,0.08835069928494255,
tomato,2019-07-22,0,,0.0008206157884512968,
tomato,2019-07-29,0,,0.0019642151035666393,
tomato,2019-08-05,0,,0.06240264774258522,
tomato,2019-08-12,0,,0.028699439131078516,
tomato,2019-08-19,0,,0.011211189810824551,
tomato,2019-08-26,0,,0.0032203311483593997,
tomato,2019-09-02,0,,0.0005603544140290539,
tomato,2019-09-09,0,,8.025570509225276e-05,
tomato,2019-09-16,0,,9.524663406970888e-05,
tomato,2019-09-23,0,,4.143241434283196e-05,
tomato,2019-09-30,0,,0.0008456446472425072,
tomato,2019-10-07,0,,0.004037918095479088,
tomato,2019-10-14,0,,0.05972336923954179,
tomato,2019-10-21,0,,0.4517348365251963,
tomato,2019-10-28,0,,0.03636270178514209,
tomato,2019-11-04,0,,0.03682898296543284,
tomato,2019-11-11,0,,0.00011490368641328051,
tomato,2019-11-18,0,,6.940396654638813e-05,
tomato,2019-11-25,0,,3.2712826426442634e-05,
tomato,2019-12-02,0,,4.2711936819731834e-05,
tomato,2019-12-09,0,,3.2712826426442634e-05,
tomato,2019-12-16,0,,2.0048553050459553e-05,
tomato,2019-12-23,0,,4.7572551574534044e-05,
tomato,2019-12-30,0,,2.0266084399159423e-05,
tomato,2020-01-06,0,,3.447703414668522e-05,
tomato,2020-01-13,0,,2.1284612980136737e-05,
tomato,2020-01-20,0,,3.326447338086464e-05,
tomato,2020-01-27,0,,3.872960653951018e-05,
tomato,2020-02-03,0,,1.945438919145907e-05,
tomato,2020-02-10,0,,2.4038046285989838e-05,
tomato,2020-02-17,0,,8.377047906873026e-06,
tomato,2020-02-24,0,,7.539864364001623e-05,
tomato,2020-03-02,0,,0.00012315015967258989,
tomato,2020-03-09,0,,0.00024137327124180587,
tomato,2020-03-16,0,,9.389507383616596e-05,
tomato,2020-03-23,0,,6.215261897344591e-05,
tomato,2020-03-30,0,,8.672894650764861e-05,
tomato,2020-04-06,0,,0.0031515967038356677,
tomato,2020-04-13,0,,0.002417215064912537,
tomato,2020-04-20,0,,0.0001894070160636554,
tomato,2020-04-27,0,,0.0011354771281145198,
tomato,2020-05-04,0,,0.0015319654334063082,
tomato,2020-05-11,0,,0.010461871133590532,
tomato,2020-05-18,0,,0.0004914153317636705,
tomato,2020-05-25,0,,0.0004610593159752434,
tomato,2020-06-01,0,,0.0007187857555286253,
tomato,2020-06-08,0,,0.12095715134790072,
tomato,2020-06-15,0,,0.04603381742684866,
tomato,2020-06-22,0,,0.08210153557230282,
tomato,2020-06-29,0,,0.1231024500561651,
tomato,2020-07-06,0,,0.17371619619577489,
tomato,2020-07-13,0,,0.14560353726343978,
tomato,2020-07-20,0,,0.006241217984268402,
tomato,2020-07-27,0,,0.039311293089003566,
tomato,2020-08-03,0,,2.258886172370473e-05,
tomato,2020-08-10,0,,0.0003774077386096114,
tomato,2020-08-17,0,,0.00019672234653397727,
tomato,2020-08-24,0,,0.0007051444937140794,
tomato,2020-08-31,0,,0.0013336391524623342,
tomato,2020-09-07,0,,0.00020904620996164958,
tomato,2020-09-14,0,,0.0006610736336442451,
tomato,2020-09-21,0,,0.0006308557512354982,
tomato,2020-09-28,0,,3.7452856764302445e-06,
tomato,2020-10-05,0,,0.00011510400190594205,
tomato,2020-10-12,0,,1.1915492488723314e-05,
tomato,2020-10-19,0,,6.893869991245314e-06,
tomato,2020-10-26,0,,2.4547023472520837e-05,
tomato,2020-11-02,0,,0.00012704044114586677,
tomato,2020-11-09,0,,0.00011638565180018666,
tomato,2020-11-16,0,,0.00011689887800315613,
tomato,2020-11-23,0,,7.579940603245626e-05,
tomato,2020-11-30,0,,4.340251166135161e-05,
tomato,2020-12-07,0,,7.93763480833226e-05,
tomato,2020-12-14,0,,6.061429994169863e-05,
tomato,2020-12-21,0,,3.428166510765267e-05,
tomato,2021-01-04,0,,1.945438919145907e-05,
tomato,2021-01-11,0,,2.3512952710822682e-05,
tomato,2021-01-18,0,,3.2712826426442634e-05,
tomato,2021-01-25,0,,4.2711936819731834e-05,
tomato,2021-02-01,0,,3.056868683222793e-05,
tomato,2021-02-08,0,,7.58118989449446e-05,
tomato,2021-02-15,0,,4.4353357611273825e-05,
tomato,2021-02-22,0,,4.706041547804066e-05,
tomato,2021-03-01,0,,0.00040186581318061513,
tomato,2021-03-08,0,,0.00039883471876024564,
tomato,2021-03-15,0,,0.00039883471876024564,
tomato,2021-03-22,0,,0.000534541980534688,
tomato,2021-03-29,0,,0.00013707471368790329,
tomato,2021-04-05,0,,0.0008062844667258266,
tomato,2021-04-12,0,,6.90307210323364e-05,
tomato,2021-04-19,0,,0.0059952461077206354,
tomato,2021-04-26,0,,0.091244215370404,
tomato,2021-05-03,0,,0.011690391395932281,
tomato,2021-05-10,0,,0.0011143169294105253,
tomato,2021-05-17,0,,0.0009134943065856446,
tomato,2021-05-24,0,,0.0009675037154981416,
tomato,2021-05-31,0,,0.009199977527894792,
tomato,2021-06-07,0,,0.004214755297550176,
tomato,2021-06-14,0,,0.006243852959995798,
tomato,2021-06-21,0,,0.008824239706931587,
tomato,2021-06-28,0,,0.05101271340035991,
tomato,2021-07-05,0,,0.007770051674746186,
tomato,2021-07-12,0,,0.006082662552381401,
tomato,2021-07-19,0,,0.0027319262515974633,
tomato,2021-07-26,0,,0.00036921282660244486,
tomato,2021-08-02,0,,0.003990637398865973,
tomato,2021-08-09,0,,0.006117145263819958,
tomato,2021-08-16,0,,0.004677276210546184,
tomato,2021-08-23,0,,0.0005516649711852137,
tomato,2021-08-30,0,,0.0005528851378670233,
tomato,2021-09-06,0,,0.0009349909912958086,
tomato,2021-09-13,0,,0.00021353536260753178,
tomato,2021-09-20,0,,0.0003084215609335856,
tomato,2021-09-27,0,,0.056477792054520165,
tomato,2021-10-04,0,,0.0031654996078876304,
tomato,2021-10-11,0,,0.030462644889994017,
tomato,2021-10-18,0,,0.06147369539588031,
tomato,2021-10-25,0,,0.029224486623733534,
tomato,2021-11-01,0,,0.007237699578345047,
tomato,2021-11-08,0,,0.025301367785987124,
tomato,2021-11-15,0,,0.0010364047361718306,
tomato,2021-11-22,0,,0.0009524831962163784,
tomato,2021-11-29,0,,0.0001703928637182907,
tomato,2021-12-06,0,,0.0002703316455438046,
tomato,2021-12-13,0,,1.4126279369982565e-05,
tomato,2021-12-20,0,,6.5326113556005884e-06,
tomato,2021-12-27,0,,1.2724205597246153e-05,
tomato,2022-01-03,0,,8.916306518706933e-06,
tomato,2022-01-10,0,,3.56426705128219e-05,
tomato,2022-01-17,0,,6.636208531568448e-05,
tomato,2022-01-24,0,,4.767688303455571e-05,
tomato,2022-01-31,0,,2.3725717334766674e-05,
tomato,2022-02-07,0,,3.771168787523544e-05,
tomato,2022-02-14,0,,6.381364171499701e-05,
tomato,2022-02-21,0,,7.209835677242226e-05,
tomato,2022-02-28,0,,2.4707734180180595e-05,
tomato,2022-03-07,0,,1.0342188074528977e-05,
tomato,2022-03-14,0,,4.6908380411384826e-06,
tomato,2022-03-21,0,,7.112317688686593e-05,
tomato,2022-03-28,0,,0.00020050495368879436,
tomato,2022-04-04,0,,6.887326404608657e-05,
tomato,2022-04-11,0,,0.0010263778317284855,
tomato,2022-04-18,0,,8.182735389008102e-05,
tomato,2022-04-25,0,,0.00012324737257412703,
tomato,2022-05-02,0,,0.0037291006775192898,
tomato,2022-05-09,0,,0.003992132882184048,
tomato,2022-05-16,0,,0.01901485385629369,
tomato,2022-05-23,0,,0.03767512209863714,
tomato,2022-05-30,0,,0.04104765277005035,
tomato,2022-06-06,0,,0.032055575232537936,
tomato,2022-06-13,0,,0.003557744603560393,
tomato,2022-06-20,0,,0.00010718787482521603,
tomato,2022-06-27,0,,7.350726708942058e-05,
tomato,2022-07-04,0,,0.00010176198538816225,
tomato,2022-07-11,0,,1.2423493746707917e-05,
tomato,2022-07-18,0,,5.515547574790166e-06,
tomato,2022-07-25,0,,2.463196897254504e-06,
tomato,2022-08-01,0,,2.8683375493906818e-05,
tomato,2022-08-08,0,,0.00015785803171813762,
tomato,2022-08-15,0,,0.0016977833145149566,
tomato,2022-08-22,0,,0.00534508600495512,
tomato,2022-08-29,0,,0.00033094367510480517,
tomato,2022-09-05,0,,0.018720735545794707,
tomato,2022-09-12,0,,0.01632210630158215,
tomato,2022-09-19,0,,0.004496402942949429,
tomato,2022-09-26,0,,0.1561557899374967,
tomato,2022-10-03,0,,0.007636095929996311,
tomato,2022-10-10,0,,0.003132715648848334,
tomato,2022-10-17,0,,0.0019384986486503796,
tomato,2022-10-24,0,,0.005065091587920024,
tomato,2022-10-31,0,,0.000526704733658964,
tomato,2022-11-07,0,,0.00019650704739879437,
tomato,2022-11-14,0,,8.928068323385324e-05,
tomato,2022-11-21,0,,0.00021629326520118124,
tomato,2022-11-28,0,,0.00010045540536238756,
tomato,2022-12-05,0,,0.00010440761362157252,
tomato,2022-12-12,0,,0.00017144291775099792,
tomato,2022-12-19,0,,0.00013569074010639563,
tomato,2022-12-26,0,,0.000119619031942124,4.795067410040953e-05
tomato,2023-01-02,0,,8.403868391116136e-05,4.184222538037941e-05
tomato,2023-01-09,0,,2.1418093600538433e-05,3.737542508557752e-06
tomato,2023-01-16,0,,3.659423496661713e-05,2.5840236609443693e-06
tomato,2023-01-23,0,,9.642231410057988e-06,4.376104115320243e-06
tomato,2023-01-30,0,,8.892007209488479e-05,4.438542038718369e-06
tomato,2023-02-06,0,,6.09521016794818e-05,5.9549328690083865e-06
tomato,2023-02-13,0,,0.0003705819934897437,1.227040187356023e-05
tomato,2023-02-20,0,,0.00010888725989741979,9.353567870851622e-06
tomato,2023-02-27,0,,8.177082592691785e-05,7.89392186326486e-06
tomato,2023-03-06,0,,8.739832196710806e-06,2.029906409068298e-06
tomato,2023-03-13,0,,1.1271748887784333e-05,1.6434094139765726e-06
tomato,2023-03-20,0,,1.7766790036003634e-05,2.6786146585059557e-06
tomato,2023-03-27,0,,0.01224475079654836,7.031481714379823e-06
tomato,2023-04-03,0,,0.0004018910449787869,1.9405248519880966e-05
tomato,2023-04-10,0,,0.0007706551145203261,7.508683010799933e-05
tomato,2023-04-17,0,,0.0010755913697640608,6.665486692373319e-05
tomato,2023-04-24,0,,0.001534246703362949,1.9536209402391542e-05
tomato,2023-05-01,0,,0.014723207423839906,2.4409289410157985e-05
tomato,2023-05-08,0,,0.014723207423839906,2.140863387248728e-05
tomato,2023-05-15,1,tomato_2023,0.977340118329563,4.9296824772856986e-06
tomato,2023-05-22,1,tomato_2023,0.9896179127481908,0.0002768545551435601
tomato,2023-05-29,1,tomato_2023,0.9702888513717846,5.1491025100611936e-05
tomato,2023-06-05,1,tomato_2023,0.9632812829905153,0.0015376616108589976
tomato,2023-06-12,1,tomato_2023,0.9696178022942261,0.0001110523260750524
tomato,2023-06-19,1,tomato_2023,0.9766124624087847,2.261885081239894e-05
tomato,2023-06-26,1,tomato_2023,0.995998024383452,0.0007228431991228728
tomato,2023-07-03,1,tomato_2023,0.9945432379853106,4.401756930589044e-05
tomato,2023-07-10,1,tomato_2023,0.9938407557891944,4.513752188503294e-05
tomato,2023-07-17,1,tomato_2023,0.9923494086709437,4.5067232203510286e-05
tomato,2023-07-24,0,,0.08828353137755243,4.188537503145429e-05
tomato,2023-07-31,0,,0.08493275875095511,0.00013488389445044899
tomato,2023-08-07,0,,1.3936771074472976e-05,7.944441559156782e-07
tomato,2023-08-14,0,,8.807832030394974e-05,2.093163663221436e-06
tomato,2023-08-21,0,,1.3656638237207831e-05,2.1627134702480396e-05
tomato,2023-08-28,0,,3.886872698853978e-05,2.530223507417107e-05
tomato,2023-09-04,0,,0.00011648327272441643,0.00015558347692310376
tomato,2023-09-11,0,,5.551228525789688e-05,0.00018090604077820492
tomato,2023-09-18,0,,1.3143587781989323e-05,7.139729683067391e-05
tomato,2023-09-25,0,,0.00012429145356046502,1.2341626367819084e-05
tomato,2023-10-02,0,,7.631497542705511e-05,
tomato,2023-10-09,0,,0.0005307081620064279,
tomato,2023-10-16,0,,0.0013051174737347157,
tomato,2023-10-23,0,,0.00045707629615678947,
tomato,2023-10-30,0,,3.2248930603636266e-05,
tomato,2023-11-06,0,,0.00020612241143047098,
tomato,2023-11-13,0,,0.0001726837522382355,
tomato,2023-11-20,0,,0.005175446592656171,
tomato,2023-11-27,0,,0.006698768746519384,
tomato,2023-12-04,0,,0.00598960025569712,
tomato,2023-12-11,0,,0.0013687476112075924,
tomato,2023-12-18,0,,1.191849150275793e-05,
tomato,2023-12-25,0,,5.4493445195999174e-05,
tomato,2024-01-01,0,,4.616271736826923e-05,
tomato,2024-01-08,0,,1.945438919145907e-05,
tomato,2024-01-15,0,,1.945438919145907e-05,
tomato,2024-01-22,0,,3.0082089958501817e-05,
tomato,2024-01-29,0,,1.70519705006562e-05,
tomato,2024-02-05,0,,1.1398304572537985e-05,
tomato,2024-02-12,0,,2.6235383926822705e-05,
tomato,2024-02-19,0,,5.73797405302762e-06,
tomato,2024-02-26,0,,1.3660480195871459e-05,
tomato,2024-03-04,0,,3.688440699934053e-06,
tomato,2024-03-11,0,,5.839590584725623e-06,
tomato,2024-03-18,0,,3.1000421037438143e-06,
tomato,2024-03-25,0,,1.1755107683351751e-05,
tomato,2024-04-01,0,,3.955366868681105e-05,
tomato,2024-04-08,0,,1.0593431226623066e-05,
tomato,2024-04-15,0,,2.4341312141072212e-05,
tomato,2024-04-22,0,,5.575086780223788e-05,
tomato,2024-04-29,0,,5.115680415654976e-05,
tomato,2024-05-06,0,,2.0406731180653395e-05,
tomato,2024-05-13,0,,3.041119069690075e-05,
tomato,2024-05-20,0,,0.0010947145363313475,
tomato,2024-05-27,0,,0.030458662634581524,
tomato,2024-06-03,0,,0.06010927993250186,
tomato,2024-06-10,0,,0.06941393065424238,
tomato,2024-06-17,0,,0.03495033787790722,
tomato,2024-06-24,0,,0.19315611770090543,
tomato,2024-07-01,0,,0.014861206648847172,
tomato,2024-07-08,0,,0.02034485216784538,
tomato,2024-07-15,0,,0.012400114190054106,
tomato,2024-07-22,0,,0.0006768540211853993,
tomato,2024-07-29,0,,0.00013024899847822742,
tomato,2024-08-05,0,,0.0015643686417414371,
tomato,2024-08-12,0,,4.877946725424666e-05,
tomato,2024-08-19,0,,0.0001618096026811677,
tomato,2024-08-26,0,,0.0001618096026811677,
tomato,2024-09-02,0,,7.651430969656687e-05,
tomato,2024-09-09,0,,0.00020719555482979948,
tomato,2024-09-16,0,,0.0011890667538780415,
tomato,2024-09-23,0,,0.00410586482480133,
tomato,2024-09-30,0,,0.011572078420824925,
tomato,2024-10-07,0,,0.08668193719491388,
tomato,2024-10-14,0,,0.0010900093553209036,
tomato,2024-10-21,0,,0.0010724925925285095,
tomato,2024-10-28,0,,1.3473781832194683e-05,
tomato,2024-11-04,0,,7.114203303836412e-05,
tomato,2024-11-11,0,,2.586080340568621e-05,
tomato,2024-11-18,0,,4.301446445904427e-06,
tomato,2024-11-25,0,,7.318462420592311e-05,
tomato,2024-12-02,0,,1.0074428529325196e-05,
tomato,2024-12-09,0,,5.0520087536054635e-05,
tomato,2024-12-16,0,,0.0001279471249554896,
tomato,2024-12-23,0,,4.767688303455562e-05,
tomato,2024-12-30,0,,3.8729606539510255e-05,
tomato,2025-01-06,0,,4.255413573634601e-05,
tomato,2025-01-13,0,,3.9912438605890736e-05,
tomato,2025-01-20,0,,3.991243860589067e-05,
tomato,2025-01-27,0,,5.695714373699172e-05,
tomato,2025-02-03,0,,4.7765073386321936e-05,
tomato,2025-02-10,0,,5.092648885559265e-05,
tomato,2025-02-17,0,,0.00013649405408486226,
tomato,2025-02-24,0,,9.389507383616596e-05,
tomato,2025-03-03,0,,0.0002597078869801133,
tomato,2025-03-10,0,,4.2516433918631486e-05,
tomato,2025-03-17,0,,0.00027951006733159674,
tomato,2025-03-24,0,,0.0012164880795584644,
tomato,2025-03-31,0,,0.00074756577666552,
tomato,2025-04-07,0,,0.0009894731421849874,
tomato,2025-04-14,0,,0.0003528926608530654,
tomato,2025-04-21,0,,0.0016487761035265866,
tomato,2025-04-28,0,,0.0017882135236758638,
tomato,2025-05-05,0,,0.0028844909529288434,
tomato,2025-05-12,0,,0.0010285001997327218,
tomato,2025-05-19,0,,0.0009736819527307851,
tomato,2025-05-26,0,,0.00039059332858762115,
tomato,2025-06-02,0,,0.013254880299766285,
tomato,2025-06-09,0,,0.0023312202545073754,
tomato,2025-06-16,0,,0.11255324223670315,
tomato,2025-06-23,0,,0.017075152574478353,
tomato,2025-06-30,0,,0.028828982206344684,
tomato,2025-07-07,0,,0.0018983419173025653,
tomato,2025-07-14,0,,0.00047914370982817347,
tomato,2025-07-21,0,,0.0004801441781958428,
tomato,2025-07-28,0,,0.0016117368291384466,
tomato,2025-08-04,0,,0.005963045127216039,
tomato,2025-08-11,0,,0.049938255484719744,
tomato,2025-08-18,0,,0.00030581024705855927,
tomato,2025-08-25,0,,2.1278494830973477e-05,
tomato,2025-09-01,0,,2.9913935362605302e-05,
tomato,2025-09-08,0,,2.979163885800035e-05,
tomato,2025-09-15,0,,1.4192770950119102e-05,
tomato,2025-09-22,0,,0.0001233232032265839,
tomato,2025-09-29,0,,3.2712826426442634e-05,
tomato,2025-10-06,0,,5.322418063755898e-05,
tomato,2025-10-13,0,,4.013241726871004e-05,
tomato,2025-10-20,0,,0.00021429942972986274,
tomato,2025-10-27,0,,0.0001635592796183596,
tomato,2025-11-03,0,,0.00012573740802192504,
tomato,2025-11-10,0,,2.9520363212066562e-05,
tomato,2025-11-17,0,,0.00338720785549179,
tomato,2025-11-24,0,,0.00011680060057556924,
tomato,2025-12-01,0,,0.0009979791284845565,
tomato,2025-12-08,0,,0.0008388818980831517,
tomato,2025-12-15,0,,2.503524741413925e-05,
tomato,2025-12-22,0,,2.2902418282702188e-05,
tomato,2025-12-29,0,,3.375059807394257e-05,
tomato,2026-01-05,0,,2.4540781318057858e-05,
tomato,2026-01-12,0,,1.0166519339957922e-05,
tomato,2026-01-19,0,,6.5326113556005884e-06,
tomato,2026-01-26,0,,6.5326113556006e-06,
tomato,2026-02-02,0,,4.471718763127832e-05,
tomato,2026-02-09,0,,6.381364171499713e-05,
tomato,2026-02-16,0,,1.702573377322431e-05,
tomato,2026-02-23,0,,3.6910068006625854e-05,
tomato,2026-03-02,0,,1.1945775586725489e-05,
tomato,2026-03-09,0,,3.283012956051926e-05,
tomato,2026-03-16,0,,3.079206560813716e-05,
tomato,2026-03-23,0,,2.0556376982685568e-05,
tomato,2026-03-30,0,,8.114877238894557e-05,
tomato,2026-04-06,0,,6.062868983064195e-05,
tomato,2026-04-13,0,,0.001181686929429156,
tomato,2026-04-20,0,,0.0008513859502686832,
tomato,2026-04-27,0,,0.00025880727159532707,
tomato,2026-05-04,0,,0.00019062107000422808,
tomato,2026-05-11,0,,0.00018723648119684807,
tomato,2026-05-18,0,,1.9520502687818742e-05,
tomato,2026-05-25,0,,3.731638700717316e-05,
tomato,2026-06-01,0,,6.594144288011005e-05,
tomato,2026-06-08,0,,0.00034292958120725784,
tomato,2026-06-15,0,,2.6259165876915353e-05,
tomato,2026-06-22,0,,2.5688143930219345e-05,
tomato,2026-06-29,0,,2.4449922998542345e-05,
tomato,2026-07-06,0,,2.3131199030916703e-05,
onion,2018-01-01,0,,2.2464493462505975e-05,
onion,2018-01-08,0,,2.9963795578603674e-06,
onion,2018-01-15,0,,3.074707903282385e-06,
onion,2018-01-22,0,,3.824739923496597e-06,
onion,2018-01-29,0,,3.82473992349659e-06,
onion,2018-02-05,0,,2.6801250911617736e-06,
onion,2018-02-12,0,,3.82473992349659e-06,
onion,2018-02-19,0,,4.023196619998445e-06,
onion,2018-02-26,0,,5.162741692837311e-06,
onion,2018-03-05,0,,1.3133288170198368e-05,
onion,2018-03-12,0,,2.2159738593299838e-05,
onion,2018-03-19,0,,7.685145836363812e-06,
onion,2018-03-26,0,,3.897278326599072e-05,
onion,2018-04-02,0,,0.00025697182715935977,
onion,2018-04-09,0,,0.0009378986856503022,
onion,2018-04-16,0,,0.001444268855555495,
onion,2018-04-23,0,,0.0012355892337069622,
onion,2018-04-30,0,,0.0016531231349682144,
onion,2018-05-07,0,,0.0012355892337069622,
onion,2018-05-14,0,,0.00022372958145305352,
onion,2018-05-21,0,,0.0005867577932234475,
onion,2018-05-28,0,,0.002556719388034222,
onion,2018-06-04,0,,0.041635076241395,
onion,2018-06-11,0,,0.16085597241940142,
onion,2018-06-18,0,,0.07188416395149488,
onion,2018-06-25,0,,0.1575487300280156,
onion,2018-07-02,0,,0.272615622164849,
onion,2018-07-09,0,,0.20924221412837313,
onion,2018-07-16,0,,0.23390571752703399,
onion,2018-07-23,0,,0.0010457711382235752,
onion,2018-07-30,0,,0.15940288217531373,
onion,2018-08-06,0,,0.0017063820114884092,
onion,2018-08-13,0,,0.0013193752166987178,
onion,2018-08-20,0,,4.600736792544542e-05,
onion,2018-08-27,0,,2.7179707402327595e-05,
onion,2018-09-03,0,,0.00017853785187805924,
onion,2018-09-10,0,,0.0004099216682343459,
onion,2018-09-17,0,,0.00018180466036275277,
onion,2018-09-24,0,,0.0004374072721440893,
onion,2018-10-01,0,,0.0015722858712084434,
onion,2018-10-08,0,,0.004401478098693965,
onion,2018-10-15,0,,0.011707566567670448,
onion,2018-10-22,0,,0.0011371879254608577,
onion,2018-10-29,0,,0.002211768502425835,
onion,2018-11-05,0,,0.0003703275773465564,
onion,2018-11-12,0,,0.0008639535441917899,
onion,2018-11-19,0,,7.668078720995256e-05,
onion,2018-11-26,0,,7.724751705024154e-05,
onion,2018-12-03,0,,2.8571179434495204e-05,
onion,2018-12-10,0,,4.942425016643017e-05,
onion,2018-12-17,0,,7.539738334834544e-05,
onion,2018-12-24,0,,8.258646498423438e-05,
onion,2018-12-31,0,,7.318154386393277e-05,
onion,2019-01-07,0,,7.307863674606312e-06,
onion,2019-01-14,0,,0.00012202968203098634,
onion,2019-01-21,0,,0.00016294374951577307,
onion,2019-01-28,0,,7.318154386393277e-05,
onion,2019-02-04,0,,0.00013686216894954038,
onion,2019-02-11,0,,2.3346247711801476e-05,
onion,2019-02-18,0,,0.00029908531074231305,
onion,2019-02-25,0,,0.00029908531074231305,
onion,2019-03-04,0,,0.00018813602962836363,7.802169033155176e-05
onion,2019-03-11,0,,0.005947779583337086,0.003894369142768915
onion,2019-03-18,0,,0.00022070441730327148,2.1373322548916443e-05
onion,2019-03-25,0,,0.0003089471931216601,5.608629355470694e-05
onion,2019-04-01,0,,0.000558005527059908,8.91706016618774e-05
onion,2019-04-08,0,,0.0010132165498933413,0.00016894537072085724
onion,2019-04-15,0,,0.00020564091852382765,0.00010611301535452415
onion,2019-04-22,0,,0.00013054754086997138,7.968781189026462e-05
onion,2019-04-29,0,,0.00048667365675081315,0.0011848087248326276
onion,2019-05-06,0,,0.001139764167872617,5.133193272784198e-05
onion,2019-05-13,0,,0.00031432369123883823,2.4873088204385802e-05
onion,2019-05-20,0,,0.0003262960001064263,2.7712286703796817e-05
onion,2019-05-27,0,,0.0011133144224079094,0.000790382295634487
onion,2019-06-03,0,,0.23386108937821076,0.2526445927006304
onion,2019-06-10,0,,0.07573785599930523,0.04914979433835058
onion,2019-06-17,0,,0.06729404170544408,0.09713448980778208
onion,2019-06-24,0,,0.7214210488138066,0.4846741316991794
onion,2019-07-01,0,,0.22559578752881262,0.1983071125356105
onion,2019-07-08,0,,0.003516639918616787,0.013029471726284719
onion,2019-07-15,0,,0.01949412606792071,0.026909688224929274
onion,2019-07-22,1,onion_2019,0.9923931867228974,0.9361488773604788
onion,2019-07-29,1,onion_2019,0.9935778297050517,0.9326821715090913
onion,2019-08-05,1,onion_2019,0.9880932177177084,0.9309312068322133
onion,2019-08-12,1,onion_2019,0.9905923126652956,0.914743405141824
onion,2019-08-19,1,onion_2019,0.9886309955065323,0.9219287499747607
onion,2019-08-26,1,onion_2019,0.9892251697342039,0.00938035111702361
onion,2019-09-02,1,onion_2019,0.9900876343165014,0.006147435913161194
onion,2019-09-09,1,onion_2019,0.991149422425001,0.018136533474636504
onion,2019-09-16,1,onion_2019,0.9912155006050067,0.0702525958181206
onion,2019-09-23,1,onion_2019,0.9913267391081232,0.05976788607633736
onion,2019-09-30,0,,0.3263246457833965,0.07110477822326614
onion,2019-10-07,0,,0.001952976033431778,0.000686201186346062
onion,2019-10-14,0,,0.01431070719710283,0.0006324033424039974
onion,2019-10-21,0,,0.00022353232828173714,0.00018888782634528207
onion,2019-10-28,0,,0.001555913340545306,0.0004086457016258866
onion,2019-11-04,0,,0.008939056993480448,0.007466165522835211
onion,2019-11-11,0,,0.0004959174960243712,0.00039875355998572463
onion,2019-11-18,0,,3.565243273122526e-05,8.628841984868255e-06
onion,2019-11-25,0,,1.672564421087758e-05,5.536106605826181e-06
onion,2019-12-02,0,,6.279710048757982e-05,4.1470809575654034e-05
onion,2019-12-09,0,,1.328453746978292e-05,
onion,2019-12-16,0,,1.1465407045377098e-05,
onion,2019-12-23,0,,8.908777086243645e-06,
onion,2019-12-30,0,,3.979631368134605e-05,
onion,2020-01-06,0,,1.4442369921598158e-05,
onion,2020-01-13,0,,1.5442349152726512e-05,
onion,2020-01-20,0,,7.734317004966632e-05,
onion,2020-01-27,0,,3.940556220004652e-06,
onion,2020-02-03,0,,3.824739923496597e-06,
onion,2020-02-10,0,,1.6540871261071425e-06,
onion,2020-02-17,0,,3.5060322423293783e-06,1.3529591324463374e-05
onion,2020-02-24,0,,5.00336973247936e-06,1.1822793633052556e-05
onion,2020-03-02,0,,2.9706681435637855e-06,7.8581881633963e-06
onion,2020-03-09,0,,2.9706681435637855e-06,8.73477767463026e-06
onion,2020-03-16,0,,9.35855578470207e-06,1.1941127721578981e-05
onion,2020-03-23,0,,4.860643347373375e-06,4.038177519565294e-06
onion,2020-03-30,0,,4.700495503783884e-06,3.7930180310433853e-06
onion,2020-04-06,0,,4.661107983598127e-06,3.555012945499659e-06
onion,2020-04-13,0,,3.2520558054100743e-06,3.811255816513149e-06
onion,2020-04-20,0,,3.421280952385849e-06,7.0454434405834705e-06
onion,2020-04-27,0,,6.773527898748174e-06,4.631732893220753e-06
onion,2020-05-04,0,,1.8398272156319524e-05,0.00011452149632665515
onion,2020-05-11,0,,3.300043348047104e-05,0.0001171118707731241
onion,2020-05-18,0,,6.420108603556792e-05,0.0005778761441430403
onion,2020-05-25,0,,0.00010085965886173607,0.0008141971166058592
onion,2020-06-01,0,,0.0019276203720944222,0.025518986538187335
onion,2020-06-08,0,,0.00199676250755785,0.0024941452218949127
onion,2020-06-15,0,,0.07035027988888908,0.013626336797528888
onion,2020-06-22,0,,0.09232528370903209,0.011670649572613743
onion,2020-06-29,0,,0.0490344667099637,0.004667942600506158
onion,2020-07-06,1,onion_2020,0.990590420301747,0.01447418779705614
onion,2020-07-13,1,onion_2020,0.9815674366641377,0.0010060450092667125
onion,2020-07-20,1,onion_2020,0.9881847697162307,0.03183810919061714
onion,2020-07-27,1,onion_2020,0.9966171040286237,0.0011668364150799596
onion,2020-08-03,1,onion_2020,0.9949837174119858,0.000661973518133526
onion,2020-08-10,1,onion_2020,0.9976344278734822,0.0036969954156061543
onion,2020-08-17,1,onion_2020,0.9885401024677851,0.015154204424670834
onion,2020-08-24,1,onion_2020,0.9957921777442428,0.4387073285611841
onion,2020-08-31,1,onion_2020,0.9959084499080068,0.1358007511579065
onion,2020-09-07,1,onion_2020,0.9972736587959945,0.015262670997525513
onion,2020-09-14,0,,0.2631634527657617,0.11724250943675939
onion,2020-09-21,0,,0.1761787006271373,0.041301813840384435
onion,2020-09-28,0,,0.1250846645332281,0.0051548977642193565
onion,2020-10-05,0,,0.007768792830167172,0.0023522133594520043
onion,2020-10-12,0,,0.003903480328974676,0.00201061956357217
onion,2020-10-19,0,,0.0030695343194691582,0.0008483949090625497
onion,2020-10-26,0,,0.0031052831509885874,0.0008483949090625497
onion,2020-11-02,0,,0.005477103279565744,0.003968269256303473
onion,2020-11-09,0,,0.0039071425770296,5.803887690345752e-05
onion,2020-11-16,0,,6.472842107494829e-05,8.411133864145842e-05
onion,2020-11-23,0,,4.727186974438634e-05,8.125185957393567e-05
onion,2020-11-30,0,,0.0001482995913860895,
onion,2020-12-07,0,,1.111284744573874e-05,
onion,2020-12-14,0,,3.6121585154647646e-05,
onion,2020-12-21,0,,4.3750273476495735e-05,
onion,2021-01-04,0,,0.00010381020577912197,
onion,2021-01-11,0,,3.886063155842773e-05,
onion,2021-01-18,0,,3.319122664420064e-05,
onion,2021-01-25,0,,3.646951892172592e-05,
onion,2021-02-01,0,,9.418013788981723e-06,
onion,2021-02-08,0,,3.4142642736559945e-05,
onion,2021-02-15,0,,0.004538241745182494,
onion,2021-02-22,0,,5.41030855211211e-05,
onion,2021-03-01,0,,6.309309085925713e-06,
onion,2021-03-08,0,,2.0723404128674055e-05,
onion,2021-03-15,0,,9.211050763141116e-06,
onion,2021-03-22,0,,0.00010087504688410716,
onion,2021-03-29,0,,7.318780187313512e-06,
onion,2021-04-05,0,,0.00023073473720388248,
onion,2021-04-12,0,,8.021159059045066e-05,
onion,2021-04-19,0,,7.125996329872287e-06,
onion,2021-04-26,0,,2.1918271741863985e-05,
onion,2021-05-03,0,,7.168722418772014e-05,
onion,2021-05-10,0,,0.0030452364956214655,
onion,2021-05-17,0,,0.0003493901583247045,
onion,2021-05-24,0,,0.05166197900370302,
onion,2021-05-31,0,,0.16658140983215786,
onion,2021-06-07,0,,0.005626100975425201,
onion,2021-06-14,0,,0.002901667487790504,
onion,2021-06-21,0,,0.13706014469580188,
onion,2021-06-28,0,,0.001917142243878613,
onion,2021-07-05,0,,0.0021571408053835802,
onion,2021-07-12,0,,0.0021976783897964592,
onion,2021-07-19,0,,9.694904655703538e-05,
onion,2021-07-26,0,,0.0008165229196935287,
onion,2021-08-02,0,,0.00019074730225843918,
onion,2021-08-09,0,,0.00043711806736434664,
onion,2021-08-16,0,,0.0008991394240034248,
onion,2021-08-23,0,,0.0002638648008689063,
onion,2021-08-30,0,,8.391956057165029e-05,
onion,2021-09-06,0,,0.0011356812788176358,
onion,2021-09-13,0,,6.0264840147778134e-05,
onion,2021-09-20,0,,0.00027414413427017374,
onion,2021-09-27,0,,0.12222238562557204,
onion,2021-10-04,0,,0.30556126583229404,
onion,2021-10-11,0,,0.16097879315239663,
onion,2021-10-18,0,,0.12707185874642007,
onion,2021-10-25,0,,0.05796496684032073,
onion,2021-11-01,0,,0.026802461724334963,
onion,2021-11-08,0,,0.0018731869131207567,
onion,2021-11-15,0,,0.0013712388498189876,
onion,2021-11-22,0,,0.0010323521849288743,
onion,2021-11-29,0,,1.9627957216666537e-05,
onion,2021-12-06,0,,8.572593126536499e-05,
onion,2021-12-13,0,,0.00013845786863382498,
onion,2021-12-20,0,,0.0004615885281531888,
onion,2021-12-27,0,,5.282483991985735e-05,
onion,2022-01-03,0,,0.00011478050247258848,
onion,2022-01-10,0,,9.633555542549563e-05,
onion,2022-01-17,0,,0.00019251792229285725,
onion,2022-01-24,0,,9.76696425848072e-05,
onion,2022-01-31,0,,0.0001522483907287227,
onion,2022-02-07,0,,0.0001613724787335764,
onion,2022-02-14,0,,4.149418073411691e-06,
onion,2022-02-21,0,,5.2240598435903074e-05,
onion,2022-02-28,0,,3.2130170966797786e-05,
onion,2022-03-07,0,,2.081066238039498e-05,
onion,2022-03-14,0,,8.47668772434859e-05,
onion,2022-03-21,0,,0.00013917848007096226,
onion,2022-03-28,0,,7.085797791890581e-05,
onion,2022-04-04,0,,6.655593732212763e-05,
onion,2022-04-11,0,,6.655593732212763e-05,
onion,2022-04-18,0,,6.268357589967354e-05,
onion,2022-04-25,0,,7.206329198592405e-05,
onion,2022-05-02,0,,0.00013250542678606967,
onion,2022-05-09,0,,0.00033790463238736126,
onion,2022-05-16,0,,0.008465734324501002,
onion,2022-05-23,0,,0.00029669431148786097,
onion,2022-05-30,0,,0.02855129294673995,
onion,2022-06-06,0,,0.04704274961644266,
onion,2022-06-13,0,,0.4381396765215766,
onion,2022-06-20,0,,0.11866909911385694,
onion,2022-06-27,0,,0.3219739928221906,
onion,2022-07-04,0,,0.48038042221635463,
onion,2022-07-11,0,,0.4422075766520914,
onion,2022-07-18,0,,0.25297200706502576,
onion,2022-07-25,0,,0.024772555127344654,
onion,2022-08-01,0,,0.006366385233805889,
onion,2022-08-08,0,,0.018900179272839313,
onion,2022-08-15,0,,0.004554997996830284,
onion,2022-08-22,0,,0.0005840496474082673,
onion,2022-08-29,0,,0.00317081409422535,
onion,2022-09-05,0,,0.04994172085955919,
onion,2022-09-12,0,,0.026047100254911925,
onion,2022-09-19,0,,0.007333758383851073,
onion,2022-09-26,0,,0.032644564174240984,
onion,2022-10-03,0,,0.1459140784766515,
onion,2022-10-10,0,,0.011386105338607573,
onion,2022-10-17,0,,0.006104313539524405,
onion,2022-10-24,0,,0.001201279611616634,
onion,2022-10-31,0,,0.001472121576476451,
onion,2022-11-07,0,,8.76546208965031e-05,
onion,2022-11-14,0,,0.00106311343782673,
onion,2022-11-21,0,,1.9851399392669978e-05,
onion,2022-11-28,0,,0.0013654168823092725,
onion,2022-12-05,0,,0.00012202968203098634,
onion,2022-12-12,0,,6.352356577943846e-05,
onion,2022-12-19,0,,8.238189622143251e-05,
onion,2022-12-26,0,,1.4100304443703102e-05,
onion,2023-01-02,0,,0.0002266176203933535,
onion,2023-01-09,0,,0.0005602139983409923,
onion,2023-01-16,0,,0.00032032758438625583,
onion,2023-01-23,0,,0.00015734822383312193,8.398356576365686e-05
onion,2023-01-30,0,,2.3577203838656662e-05,5.5064140490772045e-05
onion,2023-02-06,0,,2.4554686340237653e-05,2.6147589216053477e-05
onion,2023-02-13,0,,2.521579623923416e-05,2.9017242465376238e-05
onion,2023-02-20,0,,0.00029908531074231305,0.00021540176393882563
onion,2023-02-27,0,,0.0004710372494540348,0.0002044725798445524
onion,2023-03-06,0,,0.000605787269862514,0.0001653854582752238
onion,2023-03-13,0,,0.0009300492545258193,9.482148319928098e-05
onion,2023-03-20,0,,0.0009593313399669649,8.411508383116638e-05
onion,2023-03-27,0,,0.0009593313399669649,9.256409353324692e-05
onion,2023-04-03,0,,7.344032241386138e-05,2.9211772272964316e-06
onion,2023-04-10,0,,7.551278696484055e-05,2.558763055040046e-06
onion,2023-04-17,0,,0.00019486625978651028,2.7541322813701357e-06
onion,2023-04-24,0,,0.00017996108887682449,2.754132256745074e-06
onion,2023-05-01,0,,0.00037651795899061515,5.434339671445008e-06
onion,2023-05-08,0,,0.0016956919477103902,1.4389397871308156e-05
onion,2023-05-15,0,,0.0036066611482240846,4.067932576423992e-05
onion,2023-05-22,0,,0.00016706883248600638,1.129659359841039e-05
onion,2023-05-29,0,,0.005251171896881279,2.051036762298619e-05
onion,2023-06-05,0,,0.00014564630713884594,2.7339779185937364e-05
onion,2023-06-12,1,onion_2023,0.9748384371474194,2.4248951523929025e-05
onion,2023-06-19,1,onion_2023,0.9788791882903425,5.972057267698697e-05
onion,2023-06-26,1,onion_2023,0.9729344456255494,0.1289493796784936
onion,2023-07-03,1,onion_2023,0.9723296267786021,0.003918330686614334
onion,2023-07-10,1,onion_2023,0.9913845245931597,0.9155311326811313
onion,2023-07-17,1,onion_2023,0.9881754214991907,0.3755207807522971
onion,2023-07-24,1,onion_2023,0.9932741507471029,0.741622958745521
onion,2023-07-31,1,onion_2023,0.997362084233051,0.5139857338604736
onion,2023-08-07,1,onion_2023,0.9901127242005704,0.25342860716806187
onion,2023-08-14,1,onion_2023,0.9825479266388063,0.32306470664116893
onion,2023-08-21,0,,0.00015303134436678488,7.6059504991702805e-06
onion,2023-08-28,0,,7.345923259969987e-05,5.7504079718741205e-06
onion,2023-09-04,0,,0.0009079632144715276,0.0012135418658371535
onion,2023-09-11,0,,0.0020176735497733638,0.0006654872188243636
onion,2023-09-18,0,,0.00020784322538538539,0.00010448997197251981
onion,2023-09-25,0,,0.0179220071456984,0.0013260142294945138
onion,2023-10-02,0,,0.016102800993816273,0.003989283274158967
onion,2023-10-09,0,,0.26027007719419243,0.05401178540722546
onion,2023-10-16,0,,0.10770351883157991,1.9339492467491424e-05
onion,2023-10-23,0,,0.003065641861748108,0.0007625089386978403
onion,2023-10-30,0,,9.15704161643621e-05,
onion,2023-11-06,0,,0.00017693702708669143,
onion,2023-11-13,0,,0.00024163774920162685,
onion,2023-11-20,0,,0.006605900370149987,
onion,2023-11-27,0,,5.030530002132406e-06,
onion,2023-12-04,0,,5.606150857149838e-05,
onion,2023-12-11,0,,3.842283598740436e-05,
onion,2023-12-18,0,,0.00012819287352879098,
onion,2023-12-25,0,,1.3728443726782502e-05,
onion,2024-01-01,0,,0.0002856865884095996,
onion,2024-01-08,0,,0.00012819287352879098,
onion,2024-01-15,0,,0.00010137703447915864,
onion,2024-01-22,0,,0.000182562620909476,
onion,2024-01-29,0,,0.0002610896089310662,
onion,2024-02-05,0,,0.0001711529687951152,
onion,2024-02-12,0,,0.0006120528098787866,
onion,2024-02-19,0,,0.00013040187719629134,
onion,2024-02-26,0,,0.00046477437513050586,
onion,2024-03-04,0,,1.1543531272703953e-05,
onion,2024-03-11,0,,7.268878277096478e-05,
onion,2024-03-18,0,,0.00014545746450013935,
onion,2024-03-25,0,,9.376982287225528e-06,
onion,2024-04-01,0,,9.129983860229869e-06,
onion,2024-04-08,0,,8.678394382986847e-06,
onion,2024-04-15,0,,7.468980821282201e-06,
onion,2024-04-22,0,,6.073641337514699e-05,
onion,2024-04-29,0,,6.073641337514699e-05,
onion,2024-05-06,0,,6.22098927593353e-06,
onion,2024-05-13,0,,6.835831394553634e-06,
onion,2024-05-20,0,,2.363857927947177e-05,
onion,2024-05-27,0,,0.00029309785487604493,
onion,2024-06-03,0,,0.0018865697380962877,
onion,2024-06-10,0,,0.02971314146026255,
onion,2024-06-17,0,,0.061056208027394726,
onion,2024-06-24,0,,0.06270244633112974,
onion,2024-07-01,0,,0.0260938876770748,
onion,2024-07-08,0,,0.008138852367569192,
onion,2024-07-15,0,,0.10038968609249947,
onion,2024-07-22,0,,0.009399132491966345,
onion,2024-07-29,0,,0.02288010808823752,
onion,2024-08-05,0,,0.07880938783721127,
onion,2024-08-12,0,,0.0005600324127871499,
onion,2024-08-19,0,,0.00042621530406674663,
onion,2024-08-26,0,,0.07652102978528479,
onion,2024-09-02,0,,0.086576996048852,
onion,2024-09-09,0,,0.07926771673555322,
onion,2024-09-16,0,,0.005603172939398769,
onion,2024-09-23,0,,0.0012544089972949066,
onion,2024-09-30,0,,0.0004449034576094169,
onion,2024-10-07,0,,0.000222851019814724,
onion,2024-10-14,0,,7.221237969739639e-05,
onion,2024-10-21,0,,0.00017336864197380292,
onion,2024-10-28,0,,0.0001492622113385563,
onion,2024-11-04,0,,0.0019202379547385098,
onion,2024-11-11,0,,7.89126478633887e-06,
onion,2024-11-18,0,,7.257130461484711e-06,
onion,2024-11-25,0,,2.2275997710942833e-05,
onion,2024-12-02,0,,3.824327700614046e-05,
onion,2024-12-09,0,,0.00021590281915116315,
onion,2024-12-16,0,,3.5051093651868806e-05,
onion,2024-12-23,0,,3.6121585154647646e-05,
onion,2024-12-30,0,,3.7708969328589894e-05,
onion,2025-01-06,0,,3.7708969328589894e-05,
onion,2025-01-13,0,,3.7708969328589894e-05,
onion,2025-01-20,0,,4.088887799828736e-05,
onion,2025-01-27,0,,0.00013421076633979832,
onion,2025-02-03,0,,9.642451590113848e-06,
onion,2025-02-10,0,,1.095183813792884e-05,
onion,2025-02-17,0,,1.0133539919264856e-05,
onion,2025-02-24,0,,2.4342928259680793e-06,
onion,2025-03-03,0,,4.412677813536295e-06,
onion,2025-03-10,0,,8.539254692498724e-06,
onion,2025-03-17,0,,5.983754061515558e-06,
onion,2025-03-24,0,,3.696686627821665e-06,
onion,2025-03-31,0,,5.567802993851526e-06,
onion,2025-04-07,0,,1.545991373065808e-05,
onion,2025-04-14,0,,3.7280904124954004e-05,
onion,2025-04-21,0,,0.00011233531573845944,
onion,2025-04-28,0,,7.460152679161147e-05,
onion,2025-05-05,0,,6.2303949133765e-05,
onion,2025-05-12,0,,6.731896244090175e-05,
onion,2025-05-19,0,,1.918506645182739e-05,
onion,2025-05-26,0,,0.0002544014217978038,
onion,2025-06-02,0,,4.116931110844573e-05,
onion,2025-06-09,0,,0.00031807651280093765,
onion,2025-06-16,0,,0.0001961552519640341,
onion,2025-06-23,0,,1.5563893263645418e-05,
onion,2025-06-30,0,,0.00023056639837732261,
onion,2025-07-07,0,,8.263261051915633e-05,
onion,2025-07-14,0,,0.00040633949193937766,
onion,2025-07-21,0,,5.4146242737441305e-05,
onion,2025-07-28,0,,0.00034719254018600494,
onion,2025-08-04,0,,0.00013815634430948434,
onion,2025-08-11,0,,5.967646086238457e-05,
onion,2025-08-18,0,,3.0306769038513237e-05,
onion,2025-08-25,0,,0.00016197081575781042,
onion,2025-09-01,0,,0.0005262020651716657,
onion,2025-09-08,0,,8.770621528929218e-05,
onion,2025-09-15,0,,0.0009517525032497215,
onion,2025-09-22,0,,0.0005946917455169922,
onion,2025-09-29,0,,0.00011416774173891697,
onion,2025-10-06,0,,7.9356048338441e-05,
onion,2025-10-13,0,,7.300026962787332e-05,
onion,2025-10-20,0,,0.0019301791340152633,
onion,2025-10-27,0,,0.0002525230490166744,
onion,2025-11-03,0,,0.002546146282171277,
onion,2025-11-10,0,,0.0014573976046772749,
onion,2025-11-17,0,,0.0002860129592031644,
onion,2025-11-24,0,,7.965857998074937e-05,
onion,2025-12-01,0,,0.00013748413771616372,
onion,2025-12-08,0,,0.000594960739705193,
onion,2025-12-15,0,,0.0004859436911715124,
onion,2025-12-22,0,,0.0016175149726001,
onion,2025-12-29,0,,0.00012138208391142648,
onion,2026-01-05,0,,0.0009036123783923394,
onion,2026-01-12,0,,8.472324442429326e-05,
onion,2026-01-19,0,,0.0002165105381940868,
onion,2026-01-26,0,,0.0001482995913860895,
onion,2026-02-02,0,,9.781529297658182e-05,
onion,2026-02-09,0,,3.609747210922182e-05,
onion,2026-02-16,0,,0.00010137703447915864,
onion,2026-02-23,0,,0.00014466654909527427,
onion,2026-03-02,0,,4.7580810184411694e-05,
onion,2026-03-09,0,,0.00017416571181511997,
onion,2026-03-16,0,,8.239337495793999e-05,
onion,2026-03-23,0,,7.551278696484055e-05,
onion,2026-03-30,0,,0.00017916816341948514,
onion,2026-04-06,0,,0.0008370764695256811,
onion,2026-04-13,0,,0.00017740040289324243,
onion,2026-04-20,0,,1.3160143768298293e-05,
onion,2026-04-27,0,,0.00016915694575423158,
onion,2026-05-04,0,,4.9873555940876114e-05,
onion,2026-05-11,0,,4.294419020684474e-05,
onion,2026-05-18,0,,0.00023840051165315254,
onion,2026-05-25,0,,9.485846790121947e-05,
onion,2026-06-01,0,,3.0411713183975154e-05,
onion,2026-06-08,0,,0.00011098297279633256,
onion,2026-06-15,0,,0.0007300376312360516,
onion,2026-06-22,0,,0.006853349392791314,
onion,2026-06-29,0,,0.003301090272067927,
onion,2026-07-06,0,,0.01384338255290658,
potato,2018-01-01,0,,4.2711936819731834e-05,
potato,2018-01-08,0,,3.2712826426442634e-05,
potato,2018-01-15,0,,5.090931039072507e-05,
potato,2018-01-22,0,,2.145480843202762e-05,
potato,2018-01-29,0,,5.4948502243879396e-05,
potato,2018-02-05,0,,2.966275494423092e-05,
potato,2018-02-12,0,,2.966275494423092e-05,
potato,2018-02-19,0,,1.8291157285938724e-05,
potato,2018-02-26,0,,6.334731642304513e-06,
potato,2018-03-05,0,,2.1690503884747902e-05,
potato,2018-03-12,0,,2.8851571922286126e-05,
potato,2018-03-19,0,,3.043451163913185e-05,
potato,2018-03-26,0,,2.5439684582407013e-05,
potato,2018-04-02,0,,4.201388306953159e-05,
potato,2018-04-09,0,,1.5124591094421756e-05,
potato,2018-04-16,0,,1.3792195516913462e-05,
potato,2018-04-23,0,,6.620086795035365e-05,
potato,2018-04-30,0,,0.0001611961085275146,
potato,2018-05-07,0,,0.00019342671500635823,
potato,2018-05-14,0,,0.00021652337119710998,
potato,2018-05-21,0,,0.00023257200511456324,
potato,2018-05-28,0,,2.0353739612398212e-05,
potato,2018-06-04,0,,0.0004467718128823474,
potato,2018-06-11,0,,0.0002501264576047844,
potato,2018-06-18,0,,0.00019999912176235814,
potato,2018-06-25,0,,0.0002634837950165695,
potato,2018-07-02,0,,0.00024114756270972253,
potato,2018-07-09,0,,0.00013290108617233066,
potato,2018-07-16,0,,0.000341124846184517,
potato,2018-07-23,0,,9.523661294954586e-05,
potato,2018-07-30,0,,0.0001909425129394215,
potato,2018-08-06,0,,0.00021906110882334638,
potato,2018-08-13,0,,0.00032094375830916207,
potato,2018-08-20,0,,0.0005487202887959875,
potato,2018-08-27,0,,0.00021906110882334638,
potato,2018-09-03,0,,2.2967771125470887e-05,
potato,2018-09-10,0,,1.1007726634648598e-05,
potato,2018-09-17,0,,8.66296302946689e-05,
potato,2018-09-24,0,,8.66296302946689e-05,
potato,2018-10-01,0,,7.22610901537871e-05,
potato,2018-10-08,0,,4.715076855106403e-05,
potato,2018-10-15,0,,9.073130968769109e-06,
potato,2018-10-22,0,,2.7805514469009576e-06,
potato,2018-10-29,0,,3.0710108082314743e-06,
potato,2018-11-05,0,,2.678145781743244e-06,
potato,2018-11-12,0,,1.8846566842641783e-05,
potato,2018-11-19,0,,1.2724205597246153e-05,
potato,2018-11-26,0,,2.529608595429537e-05,
potato,2018-12-03,0,,5.526920824503912e-05,
potato,2018-12-10,0,,4.129301842476581e-05,
potato,2018-12-17,0,,4.6162717368269316e-05,
potato,2018-12-24,0,,3.872960653951018e-05,
potato,2018-12-31,0,,2.0048553050459553e-05,
potato,2019-01-07,0,,2.9662754944230866e-05,
potato,2019-01-14,0,,4.1293018424765734e-05,
potato,2019-01-21,0,,4.616271736826923e-05,
potato,2019-01-28,0,,3.056868683222793e-05,
potato,2019-02-04,0,,3.991243860589067e-05,
potato,2019-02-11,0,,3.991243860589067e-05,
potato,2019-02-18,0,,6.095210167948169e-05,
potato,2019-02-25,0,,6.095210167948169e-05,
potato,2019-03-04,0,,3.0397082732195806e-05,
potato,2019-03-11,0,,6.513447497535429e-05,
potato,2019-03-18,0,,5.6354498933458496e-05,
potato,2019-03-25,0,,0.004081228084892708,
potato,2019-04-01,0,,0.0011302673359049234,
potato,2019-04-08,0,,0.0005104558525180245,
potato,2019-04-15,0,,0.0014226445641451026,
potato,2019-04-22,0,,0.00268061368045914,
potato,2019-04-29,0,,0.0008667733267860361,
potato,2019-05-06,0,,0.0002069834281970599,
potato,2019-05-13,0,,0.0009848950456243489,
potato,2019-05-20,0,,0.0023649286677714424,
potato,2019-05-27,0,,0.006301635463221342,
potato,2019-06-03,0,,0.0007895807671996502,
potato,2019-06-10,0,,0.046619714690478584,
potato,2019-06-17,0,,0.035083162959381076,
potato,2019-06-24,0,,0.01671154167043516,
potato,2019-07-01,0,,0.017964433422762625,
potato,2019-07-08,0,,0.023504540056934357,
potato,2019-07-15,0,,0.03784123527962596,
potato,2019-07-22,0,,0.028783700151127144,
potato,2019-07-29,0,,0.015567617931296284,
potato,2019-08-05,0,,0.015567617931296284,
potato,2019-08-12,0,,0.005820811227263829,
potato,2019-08-19,0,,0.014876345201726822,
potato,2019-08-26,0,,0.005820811227263829,
potato,2019-09-02,0,,0.017086402259424014,
potato,2019-09-09,0,,0.06364094026613189,
potato,2019-09-16,0,,0.0033881261366710525,
potato,2019-09-23,0,,0.001140519291474356,
potato,2019-09-30,0,,0.011822396886498995,
potato,2019-10-07,0,,0.0005050105955776365,
potato,2019-10-14,0,,0.018370788724586307,
potato,2019-10-21,0,,0.0014149425196236032,
potato,2019-10-28,0,,0.0024535825113399332,
potato,2019-11-04,0,,0.0006333290495348857,
potato,2019-11-11,0,,0.000800085458264888,
potato,2019-11-18,0,,0.00012413619053147962,
potato,2019-11-25,0,,2.6234272127608865e-05,
potato,2019-12-02,0,,1.800718768880832e-05,
potato,2019-12-09,0,,2.6782531262919912e-05,
potato,2019-12-16,0,,0.00014528356651640208,
potato,2019-12-23,0,,0.00016425061689450538,
potato,2019-12-30,0,,0.00013751010657497105,
potato,2020-01-06,0,,1.861039012200508e-05,
potato,2020-01-13,0,,1.8910599136722646e-05,
potato,2020-01-20,0,,1.8910599136722646e-05,
potato,2020-01-27,0,,9.178972276919309e-06,
potato,2020-02-03,0,,8.916306518706918e-06,
potato,2020-02-10,0,,1.4172465229018543e-05,
potato,2020-02-17,0,,1.4172465229018543e-05,
potato,2020-02-24,0,,1.473358062689366e-06,
potato,2020-03-02,0,,1.2724205597246153e-05,
potato,2020-03-09,0,,8.286694652724616e-06,
potato,2020-03-16,0,,5.910521719511151e-06,
potato,2020-03-23,0,,1.0597374930411234e-05,
potato,2020-03-30,0,,1.4476124424350096e-05,
potato,2020-04-06,0,,2.107019535295701e-05,
potato,2020-04-13,0,,6.364395565562838e-05,
potato,2020-04-20,0,,1.6142624943086195e-05,
potato,2020-04-27,0,,1.3301344473141503e-05,
potato,2020-05-04,0,,0.0014240615778488746,
potato,2020-05-11,0,,0.0003389005682306055,
potato,2020-05-18,0,,0.00026963736569229966,
potato,2020-05-25,0,,0.0003389005682306055,
potato,2020-06-01,0,,0.0003526944487022727,
potato,2020-06-08,0,,0.0003900682640889723,
potato,2020-06-15,0,,0.0003843207917693425,
potato,2020-06-22,0,,0.00046637802392706875,
potato,2020-06-29,0,,0.0005021045464381474,
potato,2020-07-06,0,,0.000398958163716604,
potato,2020-07-13,0,,0.00036585170195906357,
potato,2020-07-20,0,,0.001203864674825439,
potato,2020-07-27,0,,0.0031055793965591824,
potato,2020-08-03,0,,0.0002313619950466183,
potato,2020-08-10,0,,0.0005256018650221136,
potato,2020-08-17,0,,0.00012447024653297012,
potato,2020-08-24,0,,0.00013072958028478016,
potato,2020-08-31,0,,0.0006748830636931783,
potato,2020-09-07,0,,5.280082929670023e-05,
potato,2020-09-14,0,,0.00021436275225936234,
potato,2020-09-21,0,,0.0002424855926061158,
potato,2020-09-28,0,,5.6986241033243955e-05,
potato,2020-10-05,0,,4.1899077003546104e-05,
potato,2020-10-12,0,,9.049235311838966e-05,
potato,2020-10-19,0,,1.1603316235234259e-06,
potato,2020-10-26,0,,4.7932430822449385e-06,
potato,2020-11-02,0,,3.4345720826835704e-05,
potato,2020-11-09,0,,8.357377487051363e-05,
potato,2020-11-16,0,,0.00013687386687370683,
potato,2020-11-23,0,,1.5462524840668727e-05,
potato,2020-11-30,0,,1.4094289642717411e-05,
potato,2020-12-07,0,,1.4172465229018543e-05,
potato,2020-12-14,0,,5.7208277800187015e-06,
potato,2020-12-21,0,,5.7208277800187015e-06,
potato,2021-01-04,0,,2.3725717334766718e-05,
potato,2021-01-11,0,,3.9912438605890736e-05,
potato,2021-01-18,0,,6.095210167948191e-05,
potato,2021-01-25,0,,0.00013879612410958378,
potato,2021-02-01,0,,4.27119368197319e-05,
potato,2021-02-08,0,,4.553891678088793e-05,
potato,2021-02-15,0,,6.09521016794818e-05,
potato,2021-02-22,0,,0.00018268645655147953,
potato,2021-03-01,0,,0.00018475973031182674,
potato,2021-03-08,0,,0.0003461498289850108,
potato,2021-03-15,0,,0.0063694389264463535,
potato,2021-03-22,0,,0.009951089000561332,
potato,2021-03-29,0,,0.009735205396822766,
potato,2021-04-05,0,,0.0007251265441030029,
potato,2021-04-12,0,,0.0017494138691072504,
potato,2021-04-19,0,,0.018742018311213825,
potato,2021-04-26,0,,0.0017766606217388189,
potato,2021-05-03,0,,0.002081639830330054,
potato,2021-05-10,0,,0.06297423721038065,
potato,2021-05-17,0,,0.015540288299321766,
potato,2021-05-24,0,,0.02574266282153804,
potato,2021-05-31,0,,0.042101153320118524,
potato,2021-06-07,0,,0.04538204215217028,
potato,2021-06-14,0,,0.04538204215217028,
potato,2021-06-21,0,,0.05998266719827226,
potato,2021-06-28,0,,0.020845347514011583,
potato,2021-07-05,0,,0.034261533268331715,
potato,2021-07-12,0,,0.005475305426383945,
potato,2021-07-19,0,,0.006204190932094449,
potato,2021-07-26,0,,0.0027960211904352653,
potato,2021-08-02,0,,0.01020162564055933,
potato,2021-08-09,0,,0.03729806071159106,
potato,2021-08-16,0,,0.01711177025752499,
potato,2021-08-23,0,,0.019309356744461253,
potato,2021-08-30,0,,0.024721958710735608,
potato,2021-09-06,0,,0.0828142136203092,
potato,2021-09-13,0,,0.00527684806518048,
potato,2021-09-20,0,,0.0002119885169267934,
potato,2021-09-27,0,,0.0003671774235143251,
potato,2021-10-04,0,,0.0017340352714557748,
potato,2021-10-11,0,,0.13359994962718522,
potato,2021-10-18,0,,0.03340693507545257,
potato,2021-10-25,0,,0.284796084053551,
potato,2021-11-01,0,,0.029731262402221067,
potato,2021-11-08,0,,0.0006335401530059939,
potato,2021-11-15,0,,0.0006039822951444491,
potato,2021-11-22,0,,5.385350280327367e-05,
potato,2021-11-29,0,,0.0002495986458653878,
potato,2021-12-06,0,,0.0001029989406561563,
potato,2021-12-13,0,,0.00013738071196216033,
potato,2021-12-20,0,,6.88219298122819e-05,
potato,2021-12-27,0,,5.613734403698129e-05,
potato,2022-01-03,0,,4.1293018424765734e-05,
potato,2022-01-10,0,,2.9662754944230866e-05,
potato,2022-01-17,0,,5.7749026782101045e-05,
potato,2022-01-24,0,,5.526920824503912e-05,
potato,2022-01-31,0,,4.4717187631278243e-05,
potato,2022-02-07,0,,2.3725717334766674e-05,
potato,2022-02-14,0,,8.018844782518162e-06,
potato,2022-02-21,0,,3.4451456375868594e-05,
potato,2022-02-28,0,,3.86172799543879e-05,
potato,2022-03-07,0,,3.861727995438783e-05,
potato,2022-03-14,0,,3.3321551062576404e-05,
potato,2022-03-21,0,,7.817271919310383e-06,
potato,2022-03-28,0,,9.50980818303146e-06,
potato,2022-04-04,0,,2.6900658657640842e-05,
potato,2022-04-11,0,,1.2530559286965316e-05,
potato,2022-04-18,0,,5.668153248600658e-05,
potato,2022-04-25,0,,2.7050622232293404e-05,
potato,2022-05-02,0,,7.994733164301439e-06,
potato,2022-05-09,0,,9.376059785338867e-05,
potato,2022-05-16,0,,6.229510017403142e-05,
potato,2022-05-23,0,,0.001221336779354124,
potato,2022-05-30,0,,0.0009394129621745782,
potato,2022-06-06,0,,0.0003681918564413337,
potato,2022-06-13,0,,0.0003041569947275735,
potato,2022-06-20,0,,0.00038673959258038384,
potato,2022-06-27,0,,0.0004841391417907504,
potato,2022-07-04,0,,0.0002702836145888896,
potato,2022-07-11,0,,0.00022904197314035872,
potato,2022-07-18,0,,6.072218112535674e-05,
potato,2022-07-25,0,,6.533551012591103e-05,
potato,2022-08-01,0,,8.538003618138104e-05,
potato,2022-08-08,0,,4.6246032958864076e-05,
potato,2022-08-15,0,,1.4460855099274468e-05,
potato,2022-08-22,0,,4.679930439044733e-05,
potato,2022-08-29,0,,4.8783226201341136e-05,
potato,2022-09-05,0,,2.7180721969103154e-05,
potato,2022-09-12,0,,2.526142785941616e-05,
potato,2022-09-19,0,,2.8979765386712585e-05,
potato,2022-09-26,0,,0.00024116012191957928,
potato,2022-10-03,0,,7.894519080224987e-05,
potato,2022-10-10,0,,0.00017318808801945203,
potato,2022-10-17,0,,0.00016455705538201475,
potato,2022-10-24,0,,0.00024907283834690305,
potato,2022-10-31,0,,5.695714373699172e-05,
potato,2022-11-07,0,,4.553891678088785e-05,
potato,2022-11-14,0,,0.00013584715211909066,
potato,2022-11-21,0,,3.8253029350848135e-05,
potato,2022-11-28,0,,0.00010370027285140374,
potato,2022-12-05,0,,7.692047376331557e-05,
potato,2022-12-12,0,,0.0001004159763156693,
potato,2022-12-19,0,,9.322777374247728e-05,
potato,2022-12-26,0,,7.140345945490535e-05,
potato,2023-01-02,0,,4.553891678088785e-05,
potato,2023-01-09,0,,4.553891678088785e-05,
potato,2023-01-16,0,,4.2711936819731834e-05,
potato,2023-01-23,0,,4.2711936819731834e-05,
potato,2023-01-30,0,,4.2711936819731834e-05,
potato,2023-02-06,0,,4.2711936819731834e-05,
potato,2023-02-13,0,,6.095210167948169e-05,
potato,2023-02-20,0,,6.095210167948169e-05,
potato,2023-02-27,0,,0.00010989612590732834,
potato,2023-03-06,0,,3.497116382851697e-05,
potato,2023-03-13,0,,7.694324734192568e-05,
potato,2023-03-20,0,,7.801239935623722e-05,
potato,2023-03-27,0,,0.0003672915003216714,
potato,2023-04-03,0,,0.0038357792300142187,
potato,2023-04-10,0,,0.00572931633296865,
potato,2023-04-17,0,,0.010914259006148305,
potato,2023-04-24,0,,0.010914259006148315,
potato,2023-05-01,0,,0.010947950345785802,
potato,2023-05-08,0,,0.003304156853073612,
potato,2023-05-15,0,,0.0028389019278446505,
potato,2023-05-22,0,,0.002176102018051564,
potato,2023-05-29,0,,0.003404489060520798,
potato,2023-06-05,0,,0.07671101150495066,
potato,2023-06-12,0,,0.050256094219117586,
potato,2023-06-19,0,,0.07830831516851253,
potato,2023-06-26,0,,0.022020635626894203,
potato,2023-07-03,0,,0.004144444884022159,
potato,2023-07-10,0,,0.01237492837885408,
potato,2023-07-17,0,,0.003209430779575077,
potato,2023-07-24,0,,0.0004322493854976501,
potato,2023-07-31,0,,0.014355383207874568,
potato,2023-08-07,0,,0.0031396004572742725,
potato,2023-08-14,0,,5.520125461869788e-05,
potato,2023-08-21,0,,0.00015020608640319594,
potato,2023-08-28,0,,0.00026567456894807445,
potato,2023-09-04,0,,0.00026567456894807445,
potato,2023-09-11,0,,0.0019210121662367786,
potato,2023-09-18,0,,0.0019210121662367786,
potato,2023-09-25,0,,0.020728415917361267,
potato,2023-10-02,0,,0.003305437249339275,
potato,2023-10-09,0,,0.021319682493530084,
potato,2023-10-16,0,,0.022840145718499003,
potato,2023-10-23,0,,0.00034680717457273764,
potato,2023-10-30,0,,0.00043400053234610717,
potato,2023-11-06,0,,9.261966426326118e-05,
potato,2023-11-13,0,,5.5077133077846514e-05,
potato,2023-11-20,0,,2.6559194214380154e-05,
potato,2023-11-27,0,,2.6559194214380154e-05,
potato,2023-12-04,0,,0.00014937116499342198,
potato,2023-12-11,0,,0.0001387435841514434,
potato,2023-12-18,0,,5.8100163923407565e-05,
potato,2023-12-25,0,,3.2712826426442634e-05,
potato,2024-01-01,0,,5.526920824503912e-05,
potato,2024-01-08,0,,5.526920824503912e-05,
potato,2024-01-15,0,,5.526920824503912e-05,
potato,2024-01-22,0,,5.694271699746639e-05,
potato,2024-01-29,0,,4.616271736826923e-05,
potato,2024-02-05,0,,4.4717187631278243e-05,
potato,2024-02-12,0,,4.4717187631278243e-05,
potato,2024-02-19,0,,4.471718763127832e-05,
potato,2024-02-26,0,,3.2531209495547826e-05,
potato,2024-03-04,0,,5.598249313207905e-05,
potato,2024-03-11,0,,7.240315149181476e-05,
potato,2024-03-18,0,,4.9620072227638275e-05,
potato,2024-03-25,0,,7.402265716316895e-05,
potato,2024-04-01,0,,6.044713751536447e-05,
potato,2024-04-08,0,,0.0004114171631632605,
potato,2024-04-15,0,,0.0001611961085275146,
potato,2024-04-22,0,,0.00017122611874748989,
potato,2024-04-29,0,,0.0001606847212682615,
potato,2024-05-06,0,,0.00021418724187814435,
potato,2024-05-13,0,,2.556017767157656e-05,
potato,2024-05-20,0,,2.865710872788871e-05,
potato,2024-05-27,0,,2.3492657803200214e-05,
potato,2024-06-03,0,,2.2542661907787182e-05,
potato,2024-06-10,0,,0.00029217172360621784,
potato,2024-06-17,0,,0.0001758666159183582,
potato,2024-06-24,0,,0.0019505301626551467,
potato,2024-07-01,0,,0.0026958337472820686,
potato,2024-07-08,0,,0.0016531966943822737,
potato,2024-07-15,0,,7.125590751484017e-05,
potato,2024-07-22,0,,0.00041729161518806507,
potato,2024-07-29,0,,9.60013533376357e-06,
potato,2024-08-05,0,,1.8433265954168974e-05,
potato,2024-08-12,0,,2.3668030481911785e-05,
potato,2024-08-19,0,,3.2560892647722434e-06,
potato,2024-08-26,0,,2.928048369774081e-06,
potato,2024-09-02,0,,1.5072955733489876e-05,
potato,2024-09-09,0,,1.6014252649379322e-05,
potato,2024-09-16,0,,1.5020087037827842e-05,
potato,2024-09-23,0,,1.8396096195019877e-05,
potato,2024-09-30,0,,1.6035706971475002e-05,
potato,2024-10-07,0,,3.517759843044031e-05,
potato,2024-10-14,0,,4.399895720226747e-05,
potato,2024-10-21,0,,0.00011245276645649521,
potato,2024-10-28,0,,0.0001469990520038279,
potato,2024-11-04,0,,2.064851829433229e-05,
potato,2024-11-11,0,,4.205726443365378e-06,
potato,2024-11-18,0,,3.934230218292398e-06,
potato,2024-11-25,0,,2.216050290203208e-05,
potato,2024-12-02,0,,1.3902209978894307e-05,
potato,2024-12-09,0,,1.819801496824126e-05,
potato,2024-12-16,0,,1.4094289642717411e-05,
potato,2024-12-23,0,,8.916306518706918e-06,
potato,2024-12-30,0,,8.916306518706918e-06,
potato,2025-01-06,0,,9.506472407118263e-06,
potato,2025-01-13,0,,8.916306518706918e-06,
potato,2025-01-20,0,,2.5296085954295415e-05,
potato,2025-01-27,0,,2.3725717334766718e-05,
potato,2025-02-03,0,,4.6162717368269316e-05,
potato,2025-02-10,0,,2.966275494423092e-05,
potato,2025-02-17,0,,3.872960653951018e-05,
potato,2025-02-24,0,,3.991243860589067e-05,
potato,2025-03-03,0,,3.991243860589067e-05,
potato,2025-03-10,0,,1.2033571853228897e-05,
potato,2025-03-17,0,,5.0062427296926604e-05,
potato,2025-03-24,0,,1.905446231189346e-05,
potato,2025-03-31,0,,7.963587469055835e-05,
potato,2025-04-07,0,,0.0002911703790614076,
potato,2025-04-14,0,,0.00021441449655007383,
potato,2025-04-21,0,,0.002986526041808612,
potato,2025-04-28,0,,0.004002416878964018,
potato,2025-05-05,0,,0.0025365878030446164,
potato,2025-05-12,0,,0.0042085283489832264,
potato,2025-05-19,0,,0.0034151085747178276,
potato,2025-05-26,0,,0.0005510296863294038,
potato,2025-06-02,0,,0.0011567567544629727,
potato,2025-06-09,0,,0.00021425953968075894,
potato,2025-06-16,0,,0.014203766900188639,
potato,2025-06-23,0,,0.014856713541921761,
potato,2025-06-30,0,,0.017598690995818844,
potato,2025-07-07,0,,0.037057945173047474,
potato,2025-07-14,0,,0.10360516596671747,
potato,2025-07-21,0,,0.005071432388237219,
potato,2025-07-28,0,,0.00025138230720566284,
potato,2025-08-04,0,,0.000320375415935954,
potato,2025-08-11,0,,0.006428332809157589,
potato,2025-08-18,0,,0.0004772170997929489,
potato,2025-08-25,0,,0.0009726096699746677,
potato,2025-09-01,0,,0.0006974088708239445,
potato,2025-09-08,0,,0.0007780190107394611,
potato,2025-09-15,0,,0.012321319063509403,
potato,2025-09-22,0,,0.0006569873367862629,
potato,2025-09-29,0,,0.00038809066363877914,
potato,2025-10-06,0,,0.0010648809523253425,
potato,2025-10-13,0,,0.00023889200786614582,
potato,2025-10-20,0,,0.0004928082973850458,
potato,2025-10-27,0,,0.0005115746323959913,
potato,2025-11-03,0,,0.0004446748794699463,
potato,2025-11-10,0,,4.7721990438563e-05,
potato,2025-11-17,0,,0.0005441795140626176,
potato,2025-11-24,0,,0.001411063019379546,
potato,2025-12-01,0,,8.270546843760868e-06,
potato,2025-12-08,0,,5.515569133202872e-05,
potato,2025-12-15,0,,0.00010370027285140374,
potato,2025-12-22,0,,4.009818502052692e-05,
potato,2025-12-29,0,,2.1418093600538433e-05,
potato,2026-01-05,0,,4.2711936819731834e-05,
potato,2026-01-12,0,,4.2711936819731834e-05,
potato,2026-01-19,0,,5.695714373699172e-05,
potato,2026-01-26,0,,7.97175749515651e-05,
potato,2026-02-02,0,,3.9912438605890736e-05,
potato,2026-02-09,0,,3.991243860589067e-05,
potato,2026-02-16,0,,6.095210167948169e-05,
potato,2026-02-23,0,,4.2711936819731834e-05,
potato,2026-03-02,0,,5.052480361997805e-05,
potato,2026-03-09,0,,0.00011727022950279854,
potato,2026-03-16,0,,0.00019347323768403253,
potato,2026-03-23,0,,0.00043648679786065356,
potato,2026-03-30,0,,0.00023000736993155087,
potato,2026-04-06,0,,0.00023000736993155087,
potato,2026-04-13,0,,0.00023000736993155087,
potato,2026-04-20,0,,0.00020648870129019942,
potato,2026-04-27,0,,0.0012599719727131257,
potato,2026-05-04,0,,0.0012942331679110062,
potato,2026-05-11,0,,0.003958645511966699,
potato,2026-05-18,0,,0.0010766569941289621,
potato,2026-05-25,0,,0.0034007845842813403,
potato,2026-06-01,0,,0.00908143619434807,
potato,2026-06-08,0,,0.004000279448113035,
potato,2026-06-15,0,,0.004098960042738458,
potato,2026-06-22,0,,0.01849814248217423,
potato,2026-06-29,0,,0.016136113729139177,
potato,2026-07-06,0,,0.020479232034445287,
