date,year,month,diesel_4city_rs_litre,lpg_nonsub_4city_rs_cyl,diesel_delhi_per_L,lpg_nonsub_delhi_per14kg
2002-06-30,2002,6,19.85,,18.1,
2002-07-31,2002,7,20.025,,18.2,
2002-08-31,2002,8,19.875,,18.1,
2002-09-30,2002,9,20.575,,18.5,
2002-10-31,2002,10,21.225,,19.1,
2002-11-30,2002,11,21.049999999999997,,18.9,
2002-12-31,2002,12,20.225,,18.1,
2003-01-31,2003,1,21.124999999999996,,19.2,
2003-02-28,2003,2,21.924999999999997,,19.8,
2003-03-31,2003,3,23.674999999999997,,21.7,
2003-04-30,2003,4,23.599999999999998,,21.1,
2003-05-31,2003,5,21.4,,19.2,
2003-06-30,2003,6,21.3,,19.1,
2003-07-31,2003,7,21.3,,19.1,
2003-08-31,2003,8,22.825,,20.3,
2003-09-30,2003,9,22.825,,20.3,
2003-10-31,2003,10,22.15,,19.7,
2003-11-30,2003,11,22.15,,19.7,
2003-12-31,2003,12,23.8,,21.2,
2004-01-31,2004,1,24.325,,21.7,
2004-02-29,2004,2,24.325,,21.7,
2004-03-31,2004,3,24.325,,21.7,
2004-04-30,2004,4,24.325,,21.7,
2004-05-31,2004,5,24.325,,21.7,
2004-06-30,2004,6,25.424999999999997,,22.7,
2004-07-31,2004,7,26.975,,24.2,
2004-08-31,2004,8,26.975,,24.2,
2004-09-30,2004,9,26.975,,24.2,
2004-10-31,2004,10,26.975,,24.2,
2004-11-30,2004,11,29.275,,26.3,
2004-12-31,2004,12,29.275,,26.3,
2005-01-31,2005,1,29.275,,26.3,
2005-02-28,2005,2,29.275,,26.3,
2005-03-31,2005,3,29.275,,26.3,
2005-04-30,2005,4,29.525,,27.3,
2005-05-31,2005,5,29.325,,26.5,
2005-06-30,2005,6,31.5,,28.5,
2005-07-31,2005,7,31.5,,28.5,
2005-08-31,2005,8,31.5,,28.5,
2005-09-30,2005,9,33.675,,30.5,
2005-10-31,2005,10,33.675,,30.5,
2005-11-30,2005,11,33.675,,30.5,
2005-12-31,2005,12,33.675,,30.5,
2006-01-31,2006,1,33.675,,30.5,
2006-02-28,2006,2,33.675,,30.5,
2006-03-31,2006,3,33.675,,30.5,
2006-04-30,2006,4,33.675,,30.5,
2006-05-31,2006,5,33.675,,30.5,
2006-06-30,2006,6,35.75,,32.4,
2006-07-31,2006,7,35.625,,32.3,
2006-08-31,2006,8,35.625,,32.3,
2006-09-30,2006,9,33.675,,30.5,
2006-10-31,2006,10,33.675,,30.5,
2006-11-30,2006,11,34.525,,31.3,
2006-12-31,2006,12,33.925000000000004,,31.3,
2007-01-31,2007,1,33.925000000000004,,31.3,
2007-02-28,2007,2,32.875,,30.3,
2007-03-31,2007,3,32.875,,30.3,
2007-04-30,2007,4,32.875,,30.3,
2007-05-31,2007,5,32.85,,30.3,
2007-06-30,2007,6,32.975,,30.8,
2007-07-31,2007,7,32.975,,30.8,
2007-08-31,2007,8,32.975,,30.8,
2007-09-30,2007,9,32.975,,30.8,
2007-10-31,2007,10,32.975,,30.8,
2007-11-30,2007,11,32.975,,30.8,
2007-12-31,2007,12,32.975,,30.8,
2008-01-31,2008,1,32.975,,30.8,
2008-02-29,2008,2,34.050000000000004,,31.8,
2008-03-31,2008,3,34.050000000000004,,31.8,
2008-04-30,2008,4,34.050000000000004,,31.8,
2008-05-31,2008,5,34.075,,31.8,
2008-06-30,2008,6,36.95,,34.8,
2008-07-31,2008,7,36.675,,34.9,
2008-08-31,2008,8,36.675,,34.9,
2008-09-30,2008,9,36.675,,34.9,
2008-10-31,2008,10,36.675,,34.9,
2008-11-30,2008,11,36.675,,34.9,
2008-12-31,2008,12,34.625,,32.9,
2009-01-31,2009,1,32.85,,30.9,
2009-02-28,2009,2,32.85,,30.9,
2009-03-31,2009,3,32.85,,30.9,
2009-04-30,2009,4,32.85,,30.9,
2009-05-31,2009,5,32.85,,30.9,
2009-06-30,2009,6,32.85,,30.9,
2009-07-31,2009,7,34.9,,32.9,
2009-08-31,2009,8,34.9,,32.9,
2009-09-30,2009,9,34.9,,32.9,
2009-10-31,2009,10,34.9,,32.9,
2009-11-30,2009,11,34.9,,32.9,
2009-12-31,2009,12,34.9,,32.9,
2010-01-31,2010,1,34.9,,32.9,
2010-02-28,2010,2,37.65,,35.5,
2010-03-31,2010,3,37.65,,35.5,
2010-04-30,2010,4,38.525,,38.1,
2010-05-31,2010,5,38.525,,38.1,
2010-06-30,2010,6,40.525,,40.1,
2010-07-31,2010,7,40.525,,40.1,
2010-08-31,2010,8,40.525,,40.1,
2010-09-30,2010,9,40.025000000000006,,37.8,
2010-10-31,2010,10,40.025000000000006,,37.8,
2010-11-30,2010,11,40.050000000000004,,37.8,
2010-12-31,2010,12,40.050000000000004,,37.8,
2011-01-31,2011,1,40.050000000000004,,37.8,
2011-02-28,2011,2,40.050000000000004,,37.8,
2011-03-31,2011,3,40.050000000000004,,37.8,
2011-04-30,2011,4,40.050000000000004,,37.8,
2011-05-31,2011,5,43.574999999999996,,41.1,
2011-06-30,2011,6,43.574999999999996,,41.1,
2011-07-31,2011,7,43.5,,40.9,
2011-08-31,2011,8,43.474999999999994,,40.9,
2011-09-30,2011,9,43.474999999999994,,40.9,
2011-10-31,2011,10,43.474999999999994,,40.9,
2011-11-30,2011,11,43.474999999999994,,40.9,
2011-12-31,2011,12,43.474999999999994,,40.9,
2012-01-31,2012,1,43.474999999999994,,40.9,
2012-02-29,2012,2,43.474999999999994,,40.9,
2012-03-31,2012,3,43.474999999999994,,40.9,
2012-04-30,2012,4,43.474999999999994,,40.9,
2012-05-31,2012,5,43.474999999999994,,40.9,
2012-06-30,2012,6,43.525000000000006,,41.1,
2012-07-31,2012,7,43.675,,41.3,
2012-08-31,2012,8,44.075,,41.3,
2012-09-30,2012,9,47.449999999999996,,44.5,
2012-10-31,2012,10,50.025,,47.0,
2012-11-30,2012,11,50.2,,47.2,
2012-12-31,2012,12,50.2,,47.2,
2013-01-31,2013,1,50.599999999999994,,47.4,
2013-02-28,2013,2,51.150000000000006,,47.9,
2013-03-31,2013,3,51.599999999999994,,48.3,
2013-04-30,2013,4,52.074999999999996,,48.7,
2013-05-31,2013,5,52.9,,49.4,
2013-06-30,2013,6,54.05,,50.3,
2013-07-31,2013,7,54.4,,50.8,
2013-08-31,2013,8,55.02499999999999,,51.4,
2013-09-30,2013,9,55.650000000000006,,52.0,
2013-10-31,2013,10,56.225,,52.5,
2013-11-30,2013,11,56.825,,53.1,
2013-12-31,2013,12,57.449999999999996,,53.7,
2014-01-31,2014,1,58.349999999999994,,54.3,
2014-02-28,2014,2,59.05,,54.9,
2014-03-31,2014,3,59.675000000000004,,55.5,
2014-04-30,2014,4,59.675000000000004,,55.5,
2014-05-31,2014,5,60.45,,56.2,
2014-06-30,2014,6,61.55,,57.3,
2014-07-31,2014,7,62.025,,57.8,
2014-08-31,2014,8,62.64999999999999,,58.4,
2014-09-30,2014,9,63.25,,59.0,
2014-10-31,2014,10,59.675,,55.6,
2014-11-30,2014,11,57.3,,53.4,
2014-12-31,2014,12,55.325,,51.5,
2015-01-31,2015,1,53.175,,49.4,
2015-02-28,2015,2,50.275,,46.5,
2015-03-31,2015,3,53.5,,49.7,
2015-04-30,2015,4,51.650000000000006,630.375,47.9,621.0
2015-05-31,2015,5,54.824999999999996,625.25,51.0,616.0
2015-06-30,2015,6,55.474999999999994,636.375,51.6,626.5
2015-07-31,2015,7,53.099999999999994,625.75,50.0,608.5
2015-08-31,2015,8,47.975,601.625,45.5,585.0
2015-09-30,2015,9,46.95,575.5,44.5,559.5
2015-10-31,2015,10,46.95,531.0,44.5,517.5
2015-11-30,2015,11,49.375,558.625,46.4,545.0
2015-12-31,2015,12,49.300000000000004,621.625,46.3,607.6
2016-01-31,2016,1,47.675000000000004,671.625,44.8,657.5
2016-02-29,2016,2,47.45,587.375,44.8,575.0
2016-03-31,2016,3,49.875,525.625,47.4,513.5
2016-04-30,2016,4,50.775,520.875,48.5,509.5
2016-05-31,2016,5,53.475,537.55,51.3,527.5
2016-06-30,2016,6,56.849999999999994,558.0,54.6,548.5
2016-07-31,2016,7,56.75,547.75,54.5,537.5
2016-08-31,2016,8,53.525000000000006,515.4,51.2,511.4
2016-09-30,2016,9,55.099999999999994,475.75,52.8,466.5
2016-10-31,2016,10,56.349999999999994,498.02500000000003,54.0,490.3
2016-11-30,2016,11,57.775,537.5,55.4,529.5
2016-12-31,2016,12,57.97500000000001,592.5,55.6,584.0
2017-01-31,2017,1,61.075,593.375,58.4,585.0
2017-02-28,2017,2,61.925,660.125,59.0,651.5
2017-03-31,2017,3,61.925,746.5,59.0,737.5
2017-04-30,2017,4,59.025,731.5,56.2,723.0
2017-05-31,2017,5,58.925000000000004,638.625,56.1,631.0
2017-06-30,2017,6,57.6,559.125,54.9,552.5
2017-07-31,2017,7,57.0,567.1,54.6,564.0
2017-08-31,2017,8,59.175,525.625,56.9,524.0
2017-09-30,2017,9,60.725,599.275,58.4,597.5
2017-10-31,2017,10,59.425000000000004,649.0,57.3,649.0
2017-11-30,2017,11,60.35,741.825,58.3,742.0
2017-12-31,2017,12,60.95,747.0,58.7,747.0
2018-01-31,2018,1,64.42500000000001,741.375,61.9,741.0
2018-02-28,2018,2,65.775,736.75,63.2,736.0
2018-03-31,2018,3,65.65,690.25,63.1,689.0
2018-04-30,2018,4,67.92500000000001,654.5,65.3,653.5
2018-05-31,2018,5,69.825,652.625,67.1,650.5
2018-06-30,2018,6,70.69999999999999,701.5,68.0,698.5
2018-07-31,2018,7,70.625,758.625,68.0,754.0
2018-08-31,2018,8,71.6,794.375,68.9,789.5
2018-09-30,2018,9,75.825,825.625,73.1,820.0
2018-10-31,2018,10,77.19999999999999,883.25,74.7,879.0
2018-11-30,2018,11,73.85,946.425,71.5,941.8
2018-12-31,2018,12,66.8,813.375,64.7,809.5
2019-01-31,2019,1,66.375,691.875,64.3,689.0
2019-02-28,2019,2,68.15,661.25,66.0,659.0
2019-03-31,2019,3,69.2,704.875,67.0,701.5
2019-04-30,2019,4,68.44999999999999,709.875,66.3,706.5
2019-05-31,2019,5,68.55000000000001,715.875,66.4,712.5
2019-06-30,2019,6,66.625,740.875,64.4,737.5
2019-07-31,2019,7,68.2,640.125,66.0,637.0
2019-08-31,2019,8,67.8,578.125,65.5,574.5
2019-09-30,2019,9,68.275,593.75,65.9,590.0
2019-10-31,2019,10,68.8,607.375,66.5,605.0
2019-11-30,2019,11,68.125,683.625,65.8,681.5
2019-12-31,2019,12,68.775,699.875,66.4,695.0
2020-01-31,2020,1,70.525,719.875,68.1,714.0
2020-02-29,2020,2,67.35,810.725,65.1,803.7
2020-03-31,2020,3,65.02499999999999,811.875,62.9,805.5
2020-04-30,2020,4,64.85,748.625,62.3,744.0
2020-05-31,2020,5,67.05,578.625,68.5,581.5
2020-06-30,2020,6,73.0,601.5,74.9,593.0
2020-07-31,2020,7,78.80000000000001,604.75,81.0,594.0
2020-08-31,2020,8,77.45,604.875,73.6,594.0
2020-09-30,2020,9,76.15,604.625,72.3,594.0
2020-10-31,2020,10,74.35,604.625,70.5,594.0
2020-11-30,2020,11,74.75,604.625,70.9,594.0
2020-12-31,2020,12,77.55,682.025,73.7,671.4
2021-01-31,2021,1,78.975,704.625,75.1,694.0
2021-02-28,2021,2,83.0,726.925,79.2,716.3
2021-03-31,2021,3,85.1,729.625,81.4,719.0
2021-04-30,2021,4,84.55,819.625,80.8,809.0
2021-05-31,2021,5,86.75,819.625,83.0,809.0
2021-06-30,2021,6,91.075,819.625,87.3,809.0
2021-07-31,2021,7,93.57499999999999,845.125,89.8,834.5
2021-08-31,2021,8,93.37499999999999,857.225,89.6,846.6
2021-09-30,2021,9,92.625,895.125,88.8,884.5
2021-10-31,2021,10,97.875,907.725,94.1,897.1
2021-11-30,2021,11,91.7,910.125,87.9,899.5
2021-12-31,2021,12,90.50000000000001,910.125,86.7,899.5
2022-01-31,2022,1,90.50000000000001,910.125,86.7,899.5
2022-02-28,2022,2,90.50000000000001,910.125,86.7,899.5
2022-03-31,2022,3,91.65,926.225,87.9,915.6
2022-04-30,2022,4,100.17499999999998,960.125,96.3,949.5
2022-05-31,2022,5,98.125,1001.775,94.3,991.3
2022-06-30,2022,6,93.475,1013.25,89.7,1003.0
2022-07-31,2022,7,93.05,1055.15,89.7,1044.9
2022-08-31,2022,8,92.725,1063.25,89.7,1053.0
2022-09-30,2022,9,92.725,1063.25,89.7,1053.0
2022-10-31,2022,10,92.725,1063.25,89.7,1053.0
2022-11-30,2022,11,92.725,1063.25,89.7,1053.0
2022-12-31,2022,12,92.725,1063.25,89.7,1053.0
2023-01-31,2023,1,92.725,1063.25,89.7,1053.0
2023-02-28,2023,2,92.725,1063.25,89.7,1053.0
2023-03-31,2023,3,92.725,1113.25,89.7,1103.0
2023-04-30,2023,4,92.725,1113.25,89.7,1103.0
2023-05-31,2023,5,92.725,1113.25,89.7,1103.0
2023-06-30,2023,6,92.725,1113.25,89.7,1103.0
2023-07-31,2023,7,92.725,1113.25,89.7,1103.0
2023-08-31,2023,8,92.725,1100.35,89.7,1090.1
2023-09-30,2023,9,92.725,913.25,89.7,903.0
2023-10-31,2023,10,92.725,913.25,89.7,903.0
2023-11-30,2023,11,92.725,913.25,89.7,903.0
2023-12-31,2023,12,92.725,913.25,89.7,903.0
2024-01-31,2024,1,92.725,913.25,89.7,903.0
2024-02-29,2024,2,92.725,913.25,89.7,903.0
2024-03-31,2024,3,91.64999999999999,839.05,88.6,828.8
2024-04-30,2024,4,90.7,813.25,87.7,803.0
2024-05-31,2024,5,90.7,813.25,87.7,803.0
2024-06-30,2024,6,90.675,813.25,87.7,803.0
2024-07-31,2024,7,90.4,813.25,87.7,803.0
2024-08-31,2024,8,90.7,813.25,87.7,803.0
2024-09-30,2024,9,90.7,813.25,87.7,803.0
2024-10-31,2024,10,90.7,813.25,87.7,803.0
2024-11-30,2024,11,90.7,813.25,87.7,803.0
2024-12-31,2024,12,90.6,813.25,87.7,803.0
2025-01-31,2025,1,90.47500000000001,813.25,87.7,803.0
2025-02-28,2025,2,90.47500000000001,813.25,87.7,803.0
2025-03-31,2025,3,90.47500000000001,813.25,87.7,803.0
2025-04-30,2025,4,90.47500000000001,851.55,87.7,841.3
2025-05-31,2025,5,90.47500000000001,863.25,87.7,853.0
2025-06-30,2025,6,90.47500000000001,863.25,87.7,853.0
2025-07-31,2025,7,90.47500000000001,863.25,87.7,853.0
2025-08-31,2025,8,90.47500000000001,863.25,87.7,853.0
2025-09-30,2025,9,90.47500000000001,863.25,87.7,853.0
2025-10-31,2025,10,90.47500000000001,863.25,87.7,853.0
2025-11-30,2025,11,90.47500000000001,863.25,87.7,853.0
2025-12-31,2025,12,90.47500000000001,863.25,87.7,853.0
2026-01-31,2026,1,90.47500000000001,863.25,87.7,853.0
2026-02-28,2026,2,90.47500000000001,863.25,87.7,853.0
2026-03-31,2026,3,90.47500000000001,911.65,87.7,901.4
2026-04-30,2026,4,90.47500000000001,923.25,87.7,913.0
2026-05-31,2026,5,93.0,923.25,90.2,913.0
2026-06-30,2026,6,98.10000000000001,946.45,95.2,936.2
